id,split,template_family,source,notice_type,hard_case,label,suspicious,from_addr,to_addr,date,subject,body
vams-0001,train,template-00,VA,benefit_decision,none,ACTION_NEEDED,0,Example VA Regional Office <decisions@va.example.com>,Veteran <veteran@mailbox.example.com>,2026-01-06,"Decision on your compensation claim, with a review deadline","The Example Regional Office finished a decision on the compensation claim in your demonstration file. The rating narrative and the monthly amount are both in the following paragraphs, and a clock is already running if you disagree.

The decision grants a combined rating and sets the monthly compensation at $1,240.00 beginning February 1, 2026. One claimed condition was denied because the file, as it stands, does not connect that condition to service.

If you disagree, a request for higher-level review must arrive by March 18, 2026. You may also file a supplemental claim with new evidence. This is a deadline, not a suggestion, and payments of the granted portion can continue while you choose.

This message is a synthetic example created for a sorting demonstration and is not an official VA, DFAS, or insurer notice."
vams-0002,train,template-00,VA,benefit_decision,none,ACTION_NEEDED,0,Example VA Regional Office <decisions@va.example.com>,Veteran <inbox@mailbox.example.com>,2026-01-07,"Decision on your compensation claim, with a review deadline","The Example Regional Office finished a decision on the compensation claim in your demonstration file. The rating narrative and the monthly amount are both in the following paragraphs, and a clock is already running if you disagree.

Monthly compensation is awarded at $820.00. The effective date used is November 3, 2025, which is later than the date the claim was received, and that gap is the point a review would focus on.

The response window closes on June 12, 2026. Action needed: tell the Example Regional Office whether you accept the decision or you want it reviewed. A phone call alone does not preserve the deadline.

This message is a synthetic example created for a sorting demonstration and is not an official VA, DFAS, or insurer notice."
vams-0003,train,template-00,VA,benefit_decision,none,ACTION_NEEDED,0,Example VA Regional Office <decisions@va.example.com>,Household <household@mailbox.example.com>,2026-01-08,"Decision on your compensation claim, with a review deadline","The Example Regional Office finished a decision on the compensation claim in your demonstration file. The rating narrative and the monthly amount are both in the following paragraphs, and a clock is already running if you disagree.

A partial grant sets compensation at $540.00 a month. The denied portion turns on a medical opinion already in the file; no new exam was ordered before the decision was signed.

You must submit any request for another review no later than May 7, 2026. Appeal rights are printed so they are not missed. Missing the date means the denied portion will not be reopened on this same record.

This message is a synthetic example created for a sorting demonstration and is not an official VA, DFAS, or insurer notice."
vams-0004,train,template-00,VA,benefit_decision,none,ACTION_NEEDED,0,Example VA Regional Office <decisions@va.example.com>,Veteran <veteran@mailbox.example.com>,2026-01-09,"Decision on your compensation claim, with a review deadline","The Example Regional Office finished a decision on the compensation claim in your demonstration file. The rating narrative and the monthly amount are both in the following paragraphs, and a clock is already running if you disagree.

The rating increase was approved at $1,875.50 a month. An earlier inferred issue was left untouched, so the decision does not close every question that was raised in the claim.

A notice of disagreement with the Board route, or a higher-level review, has to be submitted by April 2, 2026. After that date the decision stands on the record we have. Please respond by that day if the rating does not look right.

This message is a synthetic example created for a sorting demonstration and is not an official VA, DFAS, or insurer notice."
vams-0005,train,template-00,VA,benefit_decision,none,ACTION_NEEDED,0,Example VA Regional Office <decisions@va.example.com>,Veteran <inbox@mailbox.example.com>,2026-01-10,"Rating decision issued, disagreement window is open","A reviewer at the Example Harbor Desk signed a disability compensation decision today. Please read the result carefully, because the time allowed to ask for another look is shorter than the life of the award.

The decision grants a combined rating and sets the monthly compensation at $1,240.00 beginning February 1, 2026. One claimed condition was denied because the file, as it stands, does not connect that condition to service.

The response window closes on June 12, 2026. Action needed: tell the Example Regional Office whether you accept the decision or you want it reviewed. A phone call alone does not preserve the deadline.

This message is a synthetic example created for a sorting demonstration and is not an official VA, DFAS, or insurer notice."
vams-0006,train,template-00,VA,benefit_decision,none,ACTION_NEEDED,0,Example VA Regional Office <decisions@va.example.com>,Household <household@mailbox.example.com>,2026-01-11,"Rating decision issued, disagreement window is open","A reviewer at the Example Harbor Desk signed a disability compensation decision today. Please read the result carefully, because the time allowed to ask for another look is shorter than the life of the award.

Monthly compensation is awarded at $820.00. The effective date used is November 3, 2025, which is later than the date the claim was received, and that gap is the point a review would focus on.

You must submit any request for another review no later than May 7, 2026. Appeal rights are printed so they are not missed. Missing the date means the denied portion will not be reopened on this same record.

This message is a synthetic example created for a sorting demonstration and is not an official VA, DFAS, or insurer notice."
vams-0007,train,template-00,VA,benefit_decision,none,ACTION_NEEDED,0,Example VA Regional Office <decisions@va.example.com>,Veteran <veteran@mailbox.example.com>,2026-01-12,"Rating decision issued, disagreement window is open","A reviewer at the Example Harbor Desk signed a disability compensation decision today. Please read the result carefully, because the time allowed to ask for another look is shorter than the life of the award.

A partial grant sets compensation at $540.00 a month. The denied portion turns on a medical opinion already in the file; no new exam was ordered before the decision was signed.

A notice of disagreement with the Board route, or a higher-level review, has to be submitted by April 2, 2026. After that date the decision stands on the record we have. Please respond by that day if the rating does not look right.

This message is a synthetic example created for a sorting demonstration and is not an official VA, DFAS, or insurer notice."
vams-0008,train,template-00,VA,benefit_decision,none,ACTION_NEEDED,0,Example VA Regional Office <decisions@va.example.com>,Veteran <inbox@mailbox.example.com>,2026-01-13,"Rating decision issued, disagreement window is open","A reviewer at the Example Harbor Desk signed a disability compensation decision today. Please read the result carefully, because the time allowed to ask for another look is shorter than the life of the award.

The rating increase was approved at $1,875.50 a month. An earlier inferred issue was left untouched, so the decision does not close every question that was raised in the claim.

If you disagree, a request for higher-level review must arrive by March 18, 2026. You may also file a supplemental claim with new evidence. This is a deadline, not a suggestion, and payments of the granted portion can continue while you choose.

This message is a synthetic example created for a sorting demonstration and is not an official VA, DFAS, or insurer notice."
vams-0009,train,template-00,VA,benefit_decision,none,ACTION_NEEDED,0,Example VA Regional Office <decisions@va.example.com>,Household <household@mailbox.example.com>,2026-01-14,Your award letter includes a date to challenge the rating,"This letter records a new decision on service-connected compensation for the fictional veteran file used in this demo. The outcome is favorable in part, and the portion you may still challenge is described below.

The decision grants a combined rating and sets the monthly compensation at $1,240.00 beginning February 1, 2026. One claimed condition was denied because the file, as it stands, does not connect that condition to service.

You must submit any request for another review no later than May 7, 2026. Appeal rights are printed so they are not missed. Missing the date means the denied portion will not be reopened on this same record.

This message is a synthetic example created for a sorting demonstration and is not an official VA, DFAS, or insurer notice."
vams-0010,train,template-00,VA,benefit_decision,none,ACTION_NEEDED,0,Example VA Regional Office <decisions@va.example.com>,Veteran <veteran@mailbox.example.com>,2026-01-15,Your award letter includes a date to challenge the rating,"This letter records a new decision on service-connected compensation for the fictional veteran file used in this demo. The outcome is favorable in part, and the portion you may still challenge is described below.

Monthly compensation is awarded at $820.00. The effective date used is November 3, 2025, which is later than the date the claim was received, and that gap is the point a review would focus on.

A notice of disagreement with the Board route, or a higher-level review, has to be submitted by April 2, 2026. After that date the decision stands on the record we have. Please respond by that day if the rating does not look right.

This message is a synthetic example created for a sorting demonstration and is not an official VA, DFAS, or insurer notice."
vams-0011,train,template-00,VA,benefit_decision,none,ACTION_NEEDED,0,Example VA Regional Office <decisions@va.example.com>,Veteran <inbox@mailbox.example.com>,2026-01-16,Your award letter includes a date to challenge the rating,"This letter records a new decision on service-connected compensation for the fictional veteran file used in this demo. The outcome is favorable in part, and the portion you may still challenge is described below.

A partial grant sets compensation at $540.00 a month. The denied portion turns on a medical opinion already in the file; no new exam was ordered before the decision was signed.

If you disagree, a request for higher-level review must arrive by March 18, 2026. You may also file a supplemental claim with new evidence. This is a deadline, not a suggestion, and payments of the granted portion can continue while you choose.

This message is a synthetic example created for a sorting demonstration and is not an official VA, DFAS, or insurer notice."
vams-0012,train,template-00,VA,benefit_decision,none,ACTION_NEEDED,0,Example VA Regional Office <decisions@va.example.com>,Household <household@mailbox.example.com>,2026-01-17,Your award letter includes a date to challenge the rating,"This letter records a new decision on service-connected compensation for the fictional veteran file used in this demo. The outcome is favorable in part, and the portion you may still challenge is described below.

The rating increase was approved at $1,875.50 a month. An earlier inferred issue was left untouched, so the decision does not close every question that was raised in the claim.

The response window closes on June 12, 2026. Action needed: tell the Example Regional Office whether you accept the decision or you want it reviewed. A phone call alone does not preserve the deadline.

This message is a synthetic example created for a sorting demonstration and is not an official VA, DFAS, or insurer notice."
vams-0013,train,template-00,VA,benefit_decision,none,ACTION_NEEDED,0,Example VA Regional Office <decisions@va.example.com>,Veteran <veteran@mailbox.example.com>,2026-01-18,"Compensation decision ready, response window listed","We issued the compensation decision that was waiting in the Example Ridge queue. The award can be paid while you decide whether the rating, the effective date, or both should be reviewed.

The decision grants a combined rating and sets the monthly compensation at $1,240.00 beginning February 1, 2026. One claimed condition was denied because the file, as it stands, does not connect that condition to service.

A notice of disagreement with the Board route, or a higher-level review, has to be submitted by April 2, 2026. After that date the decision stands on the record we have. Please respond by that day if the rating does not look right.

This message is a synthetic example created for a sorting demonstration and is not an official VA, DFAS, or insurer notice."
vams-0014,train,template-00,VA,benefit_decision,none,ACTION_NEEDED,0,Example VA Regional Office <decisions@va.example.com>,Veteran <inbox@mailbox.example.com>,2026-01-19,"Compensation decision ready, response window listed","We issued the compensation decision that was waiting in the Example Ridge queue. The award can be paid while you decide whether the rating, the effective date, or both should be reviewed.

Monthly compensation is awarded at $820.00. The effective date used is November 3, 2025, which is later than the date the claim was received, and that gap is the point a review would focus on.

If you disagree, a request for higher-level review must arrive by March 18, 2026. You may also file a supplemental claim with new evidence. This is a deadline, not a suggestion, and payments of the granted portion can continue while you choose.

This message is a synthetic example created for a sorting demonstration and is not an official VA, DFAS, or insurer notice."
vams-0015,train,template-00,VA,benefit_decision,none,ACTION_NEEDED,0,Example VA Regional Office <decisions@va.example.com>,Household <household@mailbox.example.com>,2026-01-20,"Compensation decision ready, response window listed","We issued the compensation decision that was waiting in the Example Ridge queue. The award can be paid while you decide whether the rating, the effective date, or both should be reviewed.

A partial grant sets compensation at $540.00 a month. The denied portion turns on a medical opinion already in the file; no new exam was ordered before the decision was signed.

The response window closes on June 12, 2026. Action needed: tell the Example Regional Office whether you accept the decision or you want it reviewed. A phone call alone does not preserve the deadline.

This message is a synthetic example created for a sorting demonstration and is not an official VA, DFAS, or insurer notice."
vams-0016,train,template-00,VA,benefit_decision,none,ACTION_NEEDED,0,Example VA Regional Office <decisions@va.example.com>,Veteran <veteran@mailbox.example.com>,2026-01-21,"Compensation decision ready, response window listed","We issued the compensation decision that was waiting in the Example Ridge queue. The award can be paid while you decide whether the rating, the effective date, or both should be reviewed.

The rating increase was approved at $1,875.50 a month. An earlier inferred issue was left untouched, so the decision does not close every question that was raised in the claim.

You must submit any request for another review no later than May 7, 2026. Appeal rights are printed so they are not missed. Missing the date means the denied portion will not be reopened on this same record.

This message is a synthetic example created for a sorting demonstration and is not an official VA, DFAS, or insurer notice."
vams-0033,train,template-02,VA,debt_overpayment,none,ACTION_NEEDED,0,Example Debt Management Center <dmc@va.example.com>,Veteran <veteran@mailbox.example.com>,2026-02-07,"Overpayment on your compensation, balance due","The Example Debt Management Center completed a review of compensation paid on the demonstration file and found that too much was released.

The balance due is $2,430.00. It covers compensation released from August 2025 through October 2025 after a dependent was removed and the rate was not reduced in time.

Action required: pay the debt, request a waiver, or set up a plan by March 9, 2026. You must respond by that date if you do not want withholding to begin on the following payment.

This message is a synthetic example created for a sorting demonstration and is not an official VA, DFAS, or insurer notice."
vams-0034,train,template-02,VA,debt_overpayment,none,ACTION_NEEDED,0,Example Debt Management Center <dmc@va.example.com>,Veteran <inbox@mailbox.example.com>,2026-02-08,"Overpayment on your compensation, balance due","The Example Debt Management Center completed a review of compensation paid on the demonstration file and found that too much was released.

The debt amount is $860.40. It is the difference between the rate paid and the rate the later decision says applied. No interest figure is included in this demo letter.

No later than June 4, 2026, tell us how the overpayment should be handled. Action needed before withholding starts. A phone message without the written choice does not stop the collection.

This message is a synthetic example created for a sorting demonstration and is not an official VA, DFAS, or insurer notice."
vams-0035,train,template-02,VA,debt_overpayment,none,ACTION_NEEDED,0,Example Debt Management Center <dmc@va.example.com>,Household <household@mailbox.example.com>,2026-02-09,"Overpayment on your compensation, balance due","The Example Debt Management Center completed a review of compensation paid on the demonstration file and found that too much was released.

Our ledger shows $1,240.00 past due. If the debt is not resolved, up to the allowed share of future compensation can be withheld until the balance is gone.

Please reply by May 1, 2026 and choose payment, waiver, or a monthly plan. This debt will not disappear if the letter is set aside. Help is available from the example office that sent it.

This message is a synthetic example created for a sorting demonstration and is not an official VA, DFAS, or insurer notice."
vams-0036,train,template-02,VA,debt_overpayment,none,ACTION_NEEDED,0,Example Debt Management Center <dmc@va.example.com>,Veteran <veteran@mailbox.example.com>,2026-02-10,"Overpayment on your compensation, balance due","The Example Debt Management Center completed a review of compensation paid on the demonstration file and found that too much was released.

The overpayment totals $540.00. The notice explains the months involved and the rate that should have been used. A payment coupon is described in the envelope of this fictional mailing.

The amount due should be settled by April 16, 2026. A waiver request needs a short statement of why collection would be unfair. Silence is treated as agreement to collect.

This message is a synthetic example created for a sorting demonstration and is not an official VA, DFAS, or insurer notice."
vams-0037,train,template-02,VA,debt_overpayment,none,ACTION_NEEDED,0,Example Debt Management Center <dmc@va.example.com>,Veteran <inbox@mailbox.example.com>,2026-02-11,A debt was created after a payment review,"An audit of the fictional award created a debt. This letter is the notice of that overpayment and of the ways to address it before money is taken from later payments.

The balance due is $2,430.00. It covers compensation released from August 2025 through October 2025 after a dependent was removed and the rate was not reduced in time.

No later than June 4, 2026, tell us how the overpayment should be handled. Action needed before withholding starts. A phone message without the written choice does not stop the collection.

This message is a synthetic example created for a sorting demonstration and is not an official VA, DFAS, or insurer notice."
vams-0038,train,template-02,VA,debt_overpayment,none,ACTION_NEEDED,0,Example Debt Management Center <dmc@va.example.com>,Household <household@mailbox.example.com>,2026-02-12,A debt was created after a payment review,"An audit of the fictional award created a debt. This letter is the notice of that overpayment and of the ways to address it before money is taken from later payments.

The debt amount is $860.40. It is the difference between the rate paid and the rate the later decision says applied. No interest figure is included in this demo letter.

Please reply by May 1, 2026 and choose payment, waiver, or a monthly plan. This debt will not disappear if the letter is set aside. Help is available from the example office that sent it.

This message is a synthetic example created for a sorting demonstration and is not an official VA, DFAS, or insurer notice."
vams-0039,train,template-02,VA,debt_overpayment,none,ACTION_NEEDED,0,Example Debt Management Center <dmc@va.example.com>,Veteran <veteran@mailbox.example.com>,2026-02-13,A debt was created after a payment review,"An audit of the fictional award created a debt. This letter is the notice of that overpayment and of the ways to address it before money is taken from later payments.

Our ledger shows $1,240.00 past due. If the debt is not resolved, up to the allowed share of future compensation can be withheld until the balance is gone.

The amount due should be settled by April 16, 2026. A waiver request needs a short statement of why collection would be unfair. Silence is treated as agreement to collect.

This message is a synthetic example created for a sorting demonstration and is not an official VA, DFAS, or insurer notice."
vams-0040,train,template-02,VA,debt_overpayment,none,ACTION_NEEDED,0,Example Debt Management Center <dmc@va.example.com>,Veteran <inbox@mailbox.example.com>,2026-02-14,A debt was created after a payment review,"An audit of the fictional award created a debt. This letter is the notice of that overpayment and of the ways to address it before money is taken from later payments.

The overpayment totals $540.00. The notice explains the months involved and the rate that should have been used. A payment coupon is described in the envelope of this fictional mailing.

Action required: pay the debt, request a waiver, or set up a plan by March 9, 2026. You must respond by that date if you do not want withholding to begin on the following payment.

This message is a synthetic example created for a sorting demonstration and is not an official VA, DFAS, or insurer notice."
vams-0041,train,template-02,VA,debt_overpayment,none,ACTION_NEEDED,0,Example Debt Management Center <dmc@va.example.com>,Household <household@mailbox.example.com>,2026-02-15,Debt notice: withholding can start if you do nothing,"We are writing because a portion of compensation paid after a change in dependent status was not due. The extra amount is now a debt on the example account.

The balance due is $2,430.00. It covers compensation released from August 2025 through October 2025 after a dependent was removed and the rate was not reduced in time.

Please reply by May 1, 2026 and choose payment, waiver, or a monthly plan. This debt will not disappear if the letter is set aside. Help is available from the example office that sent it.

This message is a synthetic example created for a sorting demonstration and is not an official VA, DFAS, or insurer notice."
vams-0042,train,template-02,VA,debt_overpayment,none,ACTION_NEEDED,0,Example Debt Management Center <dmc@va.example.com>,Veteran <veteran@mailbox.example.com>,2026-02-16,Debt notice: withholding can start if you do nothing,"We are writing because a portion of compensation paid after a change in dependent status was not due. The extra amount is now a debt on the example account.

The debt amount is $860.40. It is the difference between the rate paid and the rate the later decision says applied. No interest figure is included in this demo letter.

The amount due should be settled by April 16, 2026. A waiver request needs a short statement of why collection would be unfair. Silence is treated as agreement to collect.

This message is a synthetic example created for a sorting demonstration and is not an official VA, DFAS, or insurer notice."
vams-0043,train,template-02,VA,debt_overpayment,none,ACTION_NEEDED,0,Example Debt Management Center <dmc@va.example.com>,Veteran <inbox@mailbox.example.com>,2026-02-17,Debt notice: withholding can start if you do nothing,"We are writing because a portion of compensation paid after a change in dependent status was not due. The extra amount is now a debt on the example account.

Our ledger shows $1,240.00 past due. If the debt is not resolved, up to the allowed share of future compensation can be withheld until the balance is gone.

Action required: pay the debt, request a waiver, or set up a plan by March 9, 2026. You must respond by that date if you do not want withholding to begin on the following payment.

This message is a synthetic example created for a sorting demonstration and is not an official VA, DFAS, or insurer notice."
vams-0044,train,template-02,VA,debt_overpayment,none,ACTION_NEEDED,0,Example Debt Management Center <dmc@va.example.com>,Household <household@mailbox.example.com>,2026-02-18,Debt notice: withholding can start if you do nothing,"We are writing because a portion of compensation paid after a change in dependent status was not due. The extra amount is now a debt on the example account.

The overpayment totals $540.00. The notice explains the months involved and the rate that should have been used. A payment coupon is described in the envelope of this fictional mailing.

No later than June 4, 2026, tell us how the overpayment should be handled. Action needed before withholding starts. A phone message without the written choice does not stop the collection.

This message is a synthetic example created for a sorting demonstration and is not an official VA, DFAS, or insurer notice."
vams-0045,train,template-02,VA,debt_overpayment,none,ACTION_NEEDED,0,Example Debt Management Center <dmc@va.example.com>,Veteran <veteran@mailbox.example.com>,2026-02-19,Please resolve this compensation overpayment,"A reconciliation showed an overpayment of compensation. The debt is collectible, and you have a short period to pay, to request a waiver, or to ask for a payment plan.

The balance due is $2,430.00. It covers compensation released from August 2025 through October 2025 after a dependent was removed and the rate was not reduced in time.

The amount due should be settled by April 16, 2026. A waiver request needs a short statement of why collection would be unfair. Silence is treated as agreement to collect.

This message is a synthetic example created for a sorting demonstration and is not an official VA, DFAS, or insurer notice."
vams-0046,train,template-02,VA,debt_overpayment,none,ACTION_NEEDED,0,Example Debt Management Center <dmc@va.example.com>,Veteran <inbox@mailbox.example.com>,2026-02-20,Please resolve this compensation overpayment,"A reconciliation showed an overpayment of compensation. The debt is collectible, and you have a short period to pay, to request a waiver, or to ask for a payment plan.

The debt amount is $860.40. It is the difference between the rate paid and the rate the later decision says applied. No interest figure is included in this demo letter.

Action required: pay the debt, request a waiver, or set up a plan by March 9, 2026. You must respond by that date if you do not want withholding to begin on the following payment.

This message is a synthetic example created for a sorting demonstration and is not an official VA, DFAS, or insurer notice."
vams-0047,train,template-02,VA,debt_overpayment,none,ACTION_NEEDED,0,Example Debt Management Center <dmc@va.example.com>,Household <household@mailbox.example.com>,2026-02-21,Please resolve this compensation overpayment,"A reconciliation showed an overpayment of compensation. The debt is collectible, and you have a short period to pay, to request a waiver, or to ask for a payment plan.

Our ledger shows $1,240.00 past due. If the debt is not resolved, up to the allowed share of future compensation can be withheld until the balance is gone.

No later than June 4, 2026, tell us how the overpayment should be handled. Action needed before withholding starts. A phone message without the written choice does not stop the collection.

This message is a synthetic example created for a sorting demonstration and is not an official VA, DFAS, or insurer notice."
vams-0048,train,template-02,VA,debt_overpayment,none,ACTION_NEEDED,0,Example Debt Management Center <dmc@va.example.com>,Veteran <veteran@mailbox.example.com>,2026-02-22,Please resolve this compensation overpayment,"A reconciliation showed an overpayment of compensation. The debt is collectible, and you have a short period to pay, to request a waiver, or to ask for a payment plan.

The overpayment totals $540.00. The notice explains the months involved and the rate that should have been used. A payment coupon is described in the envelope of this fictional mailing.

Please reply by May 1, 2026 and choose payment, waiver, or a monthly plan. This debt will not disappear if the letter is set aside. Help is available from the example office that sent it.

This message is a synthetic example created for a sorting demonstration and is not an official VA, DFAS, or insurer notice."
vams-0049,train,template-03,VGLI,premium_due,none,ACTION_NEEDED,0,Example VGLI Servicing <billing@insurance.example.com>,Veteran <veteran@mailbox.example.com>,2026-02-23,Your VGLI premium is due,"Example VGLI Servicing is sending the premium bill for the fictional Veterans' Group Life Insurance policy in this demo. The coverage amount on file has not changed.

The premium due is $86.40 for the period that starts March 1, 2026. The coverage amount shown on the example policy is unchanged, and no loan is attached to this bill.

Pay the premium due by March 20, 2026 so the policy does not rely on a grace period. You can send a check to the example lockbox or use the payment instruction already on file. Action required if you want the period paid in full.

This message is a synthetic example created for a sorting demonstration and is not an official VA, DFAS, or insurer notice."
vams-0050,train,template-03,VGLI,premium_due,none,ACTION_NEEDED,0,Example VGLI Servicing <billing@insurance.example.com>,Veteran <inbox@mailbox.example.com>,2026-02-24,Your VGLI premium is due,"Example VGLI Servicing is sending the premium bill for the fictional Veterans' Group Life Insurance policy in this demo. The coverage amount on file has not changed.

Please pay $118.40. That figure is the current premium for the coverage tier on the demonstration policy. A prior credit of zero is applied.

Action needed: the premium is due by June 2, 2026. Partial payment does not complete this period. The example servicing office can explain a plan only if you contact them before the due date.

This message is a synthetic example created for a sorting demonstration and is not an official VA, DFAS, or insurer notice."
vams-0051,train,template-03,VGLI,premium_due,none,ACTION_NEEDED,0,Example VGLI Servicing <billing@insurance.example.com>,Household <household@mailbox.example.com>,2026-02-25,Your VGLI premium is due,"Example VGLI Servicing is sending the premium bill for the fictional Veterans' Group Life Insurance policy in this demo. The coverage amount on file has not changed.

The amount due this period is $64.25. It is higher than the last bill because the example policy moved into the next age band. Coverage itself is the same.

Please submit payment no later than May 14, 2026. Keeping the same bank draft on file is fine if the draft is still valid. A failed draft will produce a separate letter.

This message is a synthetic example created for a sorting demonstration and is not an official VA, DFAS, or insurer notice."
vams-0052,train,template-03,VGLI,premium_due,none,ACTION_NEEDED,0,Example VGLI Servicing <billing@insurance.example.com>,Veteran <veteran@mailbox.example.com>,2026-02-26,Your VGLI premium is due,"Example VGLI Servicing is sending the premium bill for the fictional Veterans' Group Life Insurance policy in this demo. The coverage amount on file has not changed.

This period's premium is $146.75. The bill does not include any extra rider. Only the base example VGLI coverage is being continued.

The premium should arrive by April 8, 2026. If you already mailed it, you can ignore a crossing in the mail. Otherwise this amount due still needs to be paid.

This message is a synthetic example created for a sorting demonstration and is not an official VA, DFAS, or insurer notice."
vams-0053,train,template-03,VGLI,premium_due,none,ACTION_NEEDED,0,Example VGLI Servicing <billing@insurance.example.com>,Veteran <inbox@mailbox.example.com>,2026-02-27,Life insurance premium bill for the example policy,"This is the regular premium notice for the example life insurance policy administered in this dataset as a stand-in for VGLI. The policy stays active when the premium is paid on time.

The premium due is $86.40 for the period that starts March 1, 2026. The coverage amount shown on the example policy is unchanged, and no loan is attached to this bill.

Action needed: the premium is due by June 2, 2026. Partial payment does not complete this period. The example servicing office can explain a plan only if you contact them before the due date.

This message is a synthetic example created for a sorting demonstration and is not an official VA, DFAS, or insurer notice."
vams-0054,train,template-03,VGLI,premium_due,none,ACTION_NEEDED,0,Example VGLI Servicing <billing@insurance.example.com>,Household <household@mailbox.example.com>,2026-02-28,Life insurance premium bill for the example policy,"This is the regular premium notice for the example life insurance policy administered in this dataset as a stand-in for VGLI. The policy stays active when the premium is paid on time.

Please pay $118.40. That figure is the current premium for the coverage tier on the demonstration policy. A prior credit of zero is applied.

Please submit payment no later than May 14, 2026. Keeping the same bank draft on file is fine if the draft is still valid. A failed draft will produce a separate letter.

This message is a synthetic example created for a sorting demonstration and is not an official VA, DFAS, or insurer notice."
vams-0055,train,template-03,VGLI,premium_due,none,ACTION_NEEDED,0,Example VGLI Servicing <billing@insurance.example.com>,Veteran <veteran@mailbox.example.com>,2026-03-01,Life insurance premium bill for the example policy,"This is the regular premium notice for the example life insurance policy administered in this dataset as a stand-in for VGLI. The policy stays active when the premium is paid on time.

The amount due this period is $64.25. It is higher than the last bill because the example policy moved into the next age band. Coverage itself is the same.

The premium should arrive by April 8, 2026. If you already mailed it, you can ignore a crossing in the mail. Otherwise this amount due still needs to be paid.

This message is a synthetic example created for a sorting demonstration and is not an official VA, DFAS, or insurer notice."
vams-0056,train,template-03,VGLI,premium_due,none,ACTION_NEEDED,0,Example VGLI Servicing <billing@insurance.example.com>,Veteran <inbox@mailbox.example.com>,2026-03-02,Life insurance premium bill for the example policy,"This is the regular premium notice for the example life insurance policy administered in this dataset as a stand-in for VGLI. The policy stays active when the premium is paid on time.

This period's premium is $146.75. The bill does not include any extra rider. Only the base example VGLI coverage is being continued.

Pay the premium due by March 20, 2026 so the policy does not rely on a grace period. You can send a check to the example lockbox or use the payment instruction already on file. Action required if you want the period paid in full.

This message is a synthetic example created for a sorting demonstration and is not an official VA, DFAS, or insurer notice."
vams-0057,train,template-03,VGLI,premium_due,none,ACTION_NEEDED,0,Example VGLI Servicing <billing@insurance.example.com>,Household <household@mailbox.example.com>,2026-03-03,Please pay the VGLI premium for this period,"A new premium period opened on the demonstration VGLI policy. The bill below is the amount that keeps the same coverage in force.

The premium due is $86.40 for the period that starts March 1, 2026. The coverage amount shown on the example policy is unchanged, and no loan is attached to this bill.

Please submit payment no later than May 14, 2026. Keeping the same bank draft on file is fine if the draft is still valid. A failed draft will produce a separate letter.

This message is a synthetic example created for a sorting demonstration and is not an official VA, DFAS, or insurer notice."
vams-0058,train,template-03,VGLI,premium_due,none,ACTION_NEEDED,0,Example VGLI Servicing <billing@insurance.example.com>,Veteran <veteran@mailbox.example.com>,2026-03-04,Please pay the VGLI premium for this period,"A new premium period opened on the demonstration VGLI policy. The bill below is the amount that keeps the same coverage in force.

Please pay $118.40. That figure is the current premium for the coverage tier on the demonstration policy. A prior credit of zero is applied.

The premium should arrive by April 8, 2026. If you already mailed it, you can ignore a crossing in the mail. Otherwise this amount due still needs to be paid.

This message is a synthetic example created for a sorting demonstration and is not an official VA, DFAS, or insurer notice."
vams-0059,train,template-03,VGLI,premium_due,none,ACTION_NEEDED,0,Example VGLI Servicing <billing@insurance.example.com>,Veteran <inbox@mailbox.example.com>,2026-03-05,Please pay the VGLI premium for this period,"A new premium period opened on the demonstration VGLI policy. The bill below is the amount that keeps the same coverage in force.

The amount due this period is $64.25. It is higher than the last bill because the example policy moved into the next age band. Coverage itself is the same.

Pay the premium due by March 20, 2026 so the policy does not rely on a grace period. You can send a check to the example lockbox or use the payment instruction already on file. Action required if you want the period paid in full.

This message is a synthetic example created for a sorting demonstration and is not an official VA, DFAS, or insurer notice."
vams-0060,train,template-03,VGLI,premium_due,none,ACTION_NEEDED,0,Example VGLI Servicing <billing@insurance.example.com>,Household <household@mailbox.example.com>,2026-03-06,Please pay the VGLI premium for this period,"A new premium period opened on the demonstration VGLI policy. The bill below is the amount that keeps the same coverage in force.

This period's premium is $146.75. The bill does not include any extra rider. Only the base example VGLI coverage is being continued.

Action needed: the premium is due by June 2, 2026. Partial payment does not complete this period. The example servicing office can explain a plan only if you contact them before the due date.

This message is a synthetic example created for a sorting demonstration and is not an official VA, DFAS, or insurer notice."
vams-0061,train,template-03,VGLI,premium_due,none,ACTION_NEEDED,0,Example VGLI Servicing <billing@insurance.example.com>,Veteran <veteran@mailbox.example.com>,2026-03-07,Premium statement: amount due on the demonstration policy,"We bill the example policy once each period. This message is that bill, addressed to the fictional policyholder and not to a real person.

The premium due is $86.40 for the period that starts March 1, 2026. The coverage amount shown on the example policy is unchanged, and no loan is attached to this bill.

The premium should arrive by April 8, 2026. If you already mailed it, you can ignore a crossing in the mail. Otherwise this amount due still needs to be paid.

This message is a synthetic example created for a sorting demonstration and is not an official VA, DFAS, or insurer notice."
vams-0062,train,template-03,VGLI,premium_due,none,ACTION_NEEDED,0,Example VGLI Servicing <billing@insurance.example.com>,Veteran <inbox@mailbox.example.com>,2026-03-08,Premium statement: amount due on the demonstration policy,"We bill the example policy once each period. This message is that bill, addressed to the fictional policyholder and not to a real person.

Please pay $118.40. That figure is the current premium for the coverage tier on the demonstration policy. A prior credit of zero is applied.

Pay the premium due by March 20, 2026 so the policy does not rely on a grace period. You can send a check to the example lockbox or use the payment instruction already on file. Action required if you want the period paid in full.

This message is a synthetic example created for a sorting demonstration and is not an official VA, DFAS, or insurer notice."
vams-0063,train,template-03,VGLI,premium_due,none,ACTION_NEEDED,0,Example VGLI Servicing <billing@insurance.example.com>,Household <household@mailbox.example.com>,2026-03-09,Premium statement: amount due on the demonstration policy,"We bill the example policy once each period. This message is that bill, addressed to the fictional policyholder and not to a real person.

The amount due this period is $64.25. It is higher than the last bill because the example policy moved into the next age band. Coverage itself is the same.

Action needed: the premium is due by June 2, 2026. Partial payment does not complete this period. The example servicing office can explain a plan only if you contact them before the due date.

This message is a synthetic example created for a sorting demonstration and is not an official VA, DFAS, or insurer notice."
vams-0064,train,template-03,VGLI,premium_due,none,ACTION_NEEDED,0,Example VGLI Servicing <billing@insurance.example.com>,Veteran <veteran@mailbox.example.com>,2026-03-10,Premium statement: amount due on the demonstration policy,"We bill the example policy once each period. This message is that bill, addressed to the fictional policyholder and not to a real person.

This period's premium is $146.75. The bill does not include any extra rider. Only the base example VGLI coverage is being continued.

Please submit payment no later than May 14, 2026. Keeping the same bank draft on file is fine if the draft is still valid. A failed draft will produce a separate letter.

This message is a synthetic example created for a sorting demonstration and is not an official VA, DFAS, or insurer notice."
vams-0065,train,template-04,VGLI,lapse_warning,none,ACTION_NEEDED,0,Example VGLI Servicing <retention@insurance.example.com>,Veteran <veteran@mailbox.example.com>,2026-03-11,VGLI coverage will end unless the premium arrives,"Example VGLI Servicing has not received the last premium on the fictional policy. Coverage is inside a grace period and will not continue by default.

The unpaid premium is $86.40. The grace period that protects the example coverage ends on March 28, 2026. After that date a missed payment is not given extra days in this scenario.

Action required: pay before the grace period ends if you want the coverage to stay in force. Write the policy reference as 'example policy' rather than a number. A lapse is avoidable only before the date above.

This message is a synthetic example created for a sorting demonstration and is not an official VA, DFAS, or insurer notice."
vams-0066,train,template-04,VGLI,lapse_warning,none,ACTION_NEEDED,0,Example VGLI Servicing <retention@insurance.example.com>,Veteran <inbox@mailbox.example.com>,2026-03-12,VGLI coverage will end unless the premium arrives,"Example VGLI Servicing has not received the last premium on the fictional policy. Coverage is inside a grace period and will not continue by default.

Coverage will end on April 19, 2026 if $118.40 is not posted. The warning is tied to one unpaid period, not to a change in health.

This lapse warning needs a payment or a clear instruction before the end date. Action needed. After the grace period, a new application would be required in this fictional program, and acceptance is not guaranteed.

This message is a synthetic example created for a sorting demonstration and is not an official VA, DFAS, or insurer notice."
vams-0067,train,template-04,VGLI,lapse_warning,none,ACTION_NEEDED,0,Example VGLI Servicing <retention@insurance.example.com>,Household <household@mailbox.example.com>,2026-03-13,VGLI coverage will end unless the premium arrives,"Example VGLI Servicing has not received the last premium on the fictional policy. Coverage is inside a grace period and will not continue by default.

The grace period closes May 22, 2026. The amount that restores the current period is $64.25. No separate reinstatement fee is invented for this demo.

Please pay now so the policy does not lapse. If the coverage should end, tell the example office explicitly; silence is treated as a missed premium, not as a cancellation request.

This message is a synthetic example created for a sorting demonstration and is not an official VA, DFAS, or insurer notice."
vams-0068,train,template-04,VGLI,lapse_warning,none,ACTION_NEEDED,0,Example VGLI Servicing <retention@insurance.example.com>,Veteran <veteran@mailbox.example.com>,2026-03-14,VGLI coverage will end unless the premium arrives,"Example VGLI Servicing has not received the last premium on the fictional policy. Coverage is inside a grace period and will not continue by default.

On June 15, 2026 the example policy lapses if $146.75 remains unpaid. A lapsed policy in this scenario does not pay a claim for a later date of death.

You must submit the premium before coverage will end on the date in this letter. Calling to promise a payment does not extend the grace period in this example.

This message is a synthetic example created for a sorting demonstration and is not an official VA, DFAS, or insurer notice."
vams-0069,train,template-04,VGLI,lapse_warning,none,ACTION_NEEDED,0,Example VGLI Servicing <retention@insurance.example.com>,Veteran <inbox@mailbox.example.com>,2026-03-15,Grace period is open on the example life policy,"This is a lapse warning, not a routine bill. The demonstration life policy is still in force only because the grace period has not finished.

The unpaid premium is $86.40. The grace period that protects the example coverage ends on March 28, 2026. After that date a missed payment is not given extra days in this scenario.

This lapse warning needs a payment or a clear instruction before the end date. Action needed. After the grace period, a new application would be required in this fictional program, and acceptance is not guaranteed.

This message is a synthetic example created for a sorting demonstration and is not an official VA, DFAS, or insurer notice."
vams-0070,train,template-04,VGLI,lapse_warning,none,ACTION_NEEDED,0,Example VGLI Servicing <retention@insurance.example.com>,Household <household@mailbox.example.com>,2026-03-16,Grace period is open on the example life policy,"This is a lapse warning, not a routine bill. The demonstration life policy is still in force only because the grace period has not finished.

Coverage will end on April 19, 2026 if $118.40 is not posted. The warning is tied to one unpaid period, not to a change in health.

Please pay now so the policy does not lapse. If the coverage should end, tell the example office explicitly; silence is treated as a missed premium, not as a cancellation request.

This message is a synthetic example created for a sorting demonstration and is not an official VA, DFAS, or insurer notice."
vams-0071,train,template-04,VGLI,lapse_warning,none,ACTION_NEEDED,0,Example VGLI Servicing <retention@insurance.example.com>,Veteran <veteran@mailbox.example.com>,2026-03-17,Grace period is open on the example life policy,"This is a lapse warning, not a routine bill. The demonstration life policy is still in force only because the grace period has not finished.

The grace period closes May 22, 2026. The amount that restores the current period is $64.25. No separate reinstatement fee is invented for this demo.

You must submit the premium before coverage will end on the date in this letter. Calling to promise a payment does not extend the grace period in this example.

This message is a synthetic example created for a sorting demonstration and is not an official VA, DFAS, or insurer notice."
vams-0072,train,template-04,VGLI,lapse_warning,none,ACTION_NEEDED,0,Example VGLI Servicing <retention@insurance.example.com>,Veteran <inbox@mailbox.example.com>,2026-03-18,Grace period is open on the example life policy,"This is a lapse warning, not a routine bill. The demonstration life policy is still in force only because the grace period has not finished.

On June 15, 2026 the example policy lapses if $146.75 remains unpaid. A lapsed policy in this scenario does not pay a claim for a later date of death.

Action required: pay before the grace period ends if you want the coverage to stay in force. Write the policy reference as 'example policy' rather than a number. A lapse is avoidable only before the date above.

This message is a synthetic example created for a sorting demonstration and is not an official VA, DFAS, or insurer notice."
vams-0073,train,template-04,VGLI,lapse_warning,none,ACTION_NEEDED,0,Example VGLI Servicing <retention@insurance.example.com>,Household <household@mailbox.example.com>,2026-03-19,Lapse warning for your demonstration VGLI policy,"We did not post a premium for the latest period on the example VGLI policy. Without payment, the policy is scheduled to end.

The unpaid premium is $86.40. The grace period that protects the example coverage ends on March 28, 2026. After that date a missed payment is not given extra days in this scenario.

Please pay now so the policy does not lapse. If the coverage should end, tell the example office explicitly; silence is treated as a missed premium, not as a cancellation request.

This message is a synthetic example created for a sorting demonstration and is not an official VA, DFAS, or insurer notice."
vams-0074,train,template-04,VGLI,lapse_warning,none,ACTION_NEEDED,0,Example VGLI Servicing <retention@insurance.example.com>,Veteran <veteran@mailbox.example.com>,2026-03-20,Lapse warning for your demonstration VGLI policy,"We did not post a premium for the latest period on the example VGLI policy. Without payment, the policy is scheduled to end.

Coverage will end on April 19, 2026 if $118.40 is not posted. The warning is tied to one unpaid period, not to a change in health.

You must submit the premium before coverage will end on the date in this letter. Calling to promise a payment does not extend the grace period in this example.

This message is a synthetic example created for a sorting demonstration and is not an official VA, DFAS, or insurer notice."
vams-0075,train,template-04,VGLI,lapse_warning,none,ACTION_NEEDED,0,Example VGLI Servicing <retention@insurance.example.com>,Veteran <inbox@mailbox.example.com>,2026-03-21,Lapse warning for your demonstration VGLI policy,"We did not post a premium for the latest period on the example VGLI policy. Without payment, the policy is scheduled to end.

The grace period closes May 22, 2026. The amount that restores the current period is $64.25. No separate reinstatement fee is invented for this demo.

Action required: pay before the grace period ends if you want the coverage to stay in force. Write the policy reference as 'example policy' rather than a number. A lapse is avoidable only before the date above.

This message is a synthetic example created for a sorting demonstration and is not an official VA, DFAS, or insurer notice."
vams-0076,train,template-04,VGLI,lapse_warning,none,ACTION_NEEDED,0,Example VGLI Servicing <retention@insurance.example.com>,Household <household@mailbox.example.com>,2026-03-22,Lapse warning for your demonstration VGLI policy,"We did not post a premium for the latest period on the example VGLI policy. Without payment, the policy is scheduled to end.

On June 15, 2026 the example policy lapses if $146.75 remains unpaid. A lapsed policy in this scenario does not pay a claim for a later date of death.

This lapse warning needs a payment or a clear instruction before the end date. Action needed. After the grace period, a new application would be required in this fictional program, and acceptance is not guaranteed.

This message is a synthetic example created for a sorting demonstration and is not an official VA, DFAS, or insurer notice."
vams-0077,train,template-04,VGLI,lapse_warning,none,ACTION_NEEDED,0,Example VGLI Servicing <retention@insurance.example.com>,Veteran <veteran@mailbox.example.com>,2026-03-23,Final notice before the example policy lapses,"The fictional policyholder is inside the last stretch of the grace period. We are writing so the end date is not a surprise.

The unpaid premium is $86.40. The grace period that protects the example coverage ends on March 28, 2026. After that date a missed payment is not given extra days in this scenario.

You must submit the premium before coverage will end on the date in this letter. Calling to promise a payment does not extend the grace period in this example.

This message is a synthetic example created for a sorting demonstration and is not an official VA, DFAS, or insurer notice."
vams-0078,train,template-04,VGLI,lapse_warning,none,ACTION_NEEDED,0,Example VGLI Servicing <retention@insurance.example.com>,Veteran <inbox@mailbox.example.com>,2026-03-24,Final notice before the example policy lapses,"The fictional policyholder is inside the last stretch of the grace period. We are writing so the end date is not a surprise.

Coverage will end on April 19, 2026 if $118.40 is not posted. The warning is tied to one unpaid period, not to a change in health.

Action required: pay before the grace period ends if you want the coverage to stay in force. Write the policy reference as 'example policy' rather than a number. A lapse is avoidable only before the date above.

This message is a synthetic example created for a sorting demonstration and is not an official VA, DFAS, or insurer notice."
vams-0079,train,template-04,VGLI,lapse_warning,none,ACTION_NEEDED,0,Example VGLI Servicing <retention@insurance.example.com>,Household <household@mailbox.example.com>,2026-03-25,Final notice before the example policy lapses,"The fictional policyholder is inside the last stretch of the grace period. We are writing so the end date is not a surprise.

The grace period closes May 22, 2026. The amount that restores the current period is $64.25. No separate reinstatement fee is invented for this demo.

This lapse warning needs a payment or a clear instruction before the end date. Action needed. After the grace period, a new application would be required in this fictional program, and acceptance is not guaranteed.

This message is a synthetic example created for a sorting demonstration and is not an official VA, DFAS, or insurer notice."
vams-0080,train,template-04,VGLI,lapse_warning,none,ACTION_NEEDED,0,Example VGLI Servicing <retention@insurance.example.com>,Veteran <veteran@mailbox.example.com>,2026-03-26,Final notice before the example policy lapses,"The fictional policyholder is inside the last stretch of the grace period. We are writing so the end date is not a surprise.

On June 15, 2026 the example policy lapses if $146.75 remains unpaid. A lapsed policy in this scenario does not pay a claim for a later date of death.

Please pay now so the policy does not lapse. If the coverage should end, tell the example office explicitly; silence is treated as a missed premium, not as a cancellation request.

This message is a synthetic example created for a sorting demonstration and is not an official VA, DFAS, or insurer notice."
vams-0097,train,template-06,VA,appointment_notice,none,INFORMATIONAL,0,Example VA Clinic <clinic-news@va.example.com>,Veteran <veteran@mailbox.example.com>,2026-04-12,Example clinic hours on the next holiday,"Example Cedar Annex Clinic is sharing a facilities note. It does not create, move, or cancel a personal appointment.

On February 16, 2026 the clinic closes for a staff training day. Emergency care for the demo campus is directed to the usual after-hours nurse line. Routine desks reopen the next morning.

No action is required by this hours notice. For your information only. If you already have a separate appointment letter, follow that letter rather than this bulletin.

This message is a synthetic example created for a sorting demonstration and is not an official VA, DFAS, or insurer notice."
vams-0098,train,template-06,VA,appointment_notice,none,INFORMATIONAL,0,Example VA Clinic <clinic-news@va.example.com>,Veteran <inbox@mailbox.example.com>,2026-04-13,Example clinic hours on the next holiday,"Example Cedar Annex Clinic is sharing a facilities note. It does not create, move, or cancel a personal appointment.

At the completed visit the nurse recorded blood pressure and reviewed medicines already on the chart. No new prescription was started. The note is available in the example health record.

File the parking bulletin if you like. No response needed. It will not affect compensation, insurance, or any claim.

This message is a synthetic example created for a sorting demonstration and is not an official VA, DFAS, or insurer notice."
vams-0099,train,template-06,VA,appointment_notice,none,INFORMATIONAL,0,Example VA Clinic <clinic-news@va.example.com>,Household <household@mailbox.example.com>,2026-04-14,Example clinic hours on the next holiday,"Example Cedar Annex Clinic is sharing a facilities note. It does not create, move, or cancel a personal appointment.

The lab booth moved from the first floor lobby to room 12 on the second floor of the example clinic. Signs are posted. You do not need an appointment solely because of the move.

This location note is informational. No action required. You do not have to confirm a slot, because no slot was booked by this message.

This message is a synthetic example created for a sorting demonstration and is not an official VA, DFAS, or insurer notice."
vams-0100,train,template-06,VA,appointment_notice,none,INFORMATIONAL,0,Example VA Clinic <clinic-news@va.example.com>,Veteran <veteran@mailbox.example.com>,2026-04-15,Example clinic hours on the next holiday,"Example Cedar Annex Clinic is sharing a facilities note. It does not create, move, or cancel a personal appointment.

Visitor parking at the example garage now asks for the paper slip to be placed on the dash. The rule starts March 2, 2026 and applies whenever you happen to visit. No visit was added for you.

No response is needed to file this after-visit summary. It does not ask you to book anything. Contact the clinic only if the completed-visit note disagrees with what you remember.

This message is a synthetic example created for a sorting demonstration and is not an official VA, DFAS, or insurer notice."
vams-0101,train,template-06,VA,appointment_notice,none,INFORMATIONAL,0,Example VA Clinic <clinic-news@va.example.com>,Veteran <inbox@mailbox.example.com>,2026-04-16,After-visit summary from your completed appointment,"This after-visit summary covers a demonstration appointment that has already happened. No further visit is being scheduled by this message.

On February 16, 2026 the clinic closes for a staff training day. Emergency care for the demo campus is directed to the usual after-hours nurse line. Routine desks reopen the next morning.

File the parking bulletin if you like. No response needed. It will not affect compensation, insurance, or any claim.

This message is a synthetic example created for a sorting demonstration and is not an official VA, DFAS, or insurer notice."
vams-0102,train,template-06,VA,appointment_notice,none,INFORMATIONAL,0,Example VA Clinic <clinic-news@va.example.com>,Household <household@mailbox.example.com>,2026-04-17,After-visit summary from your completed appointment,"This after-visit summary covers a demonstration appointment that has already happened. No further visit is being scheduled by this message.

At the completed visit the nurse recorded blood pressure and reviewed medicines already on the chart. No new prescription was started. The note is available in the example health record.

This location note is informational. No action required. You do not have to confirm a slot, because no slot was booked by this message.

This message is a synthetic example created for a sorting demonstration and is not an official VA, DFAS, or insurer notice."
vams-0103,train,template-06,VA,appointment_notice,none,INFORMATIONAL,0,Example VA Clinic <clinic-news@va.example.com>,Veteran <veteran@mailbox.example.com>,2026-04-18,After-visit summary from your completed appointment,"This after-visit summary covers a demonstration appointment that has already happened. No further visit is being scheduled by this message.

The lab booth moved from the first floor lobby to room 12 on the second floor of the example clinic. Signs are posted. You do not need an appointment solely because of the move.

No response is needed to file this after-visit summary. It does not ask you to book anything. Contact the clinic only if the completed-visit note disagrees with what you remember.

This message is a synthetic example created for a sorting demonstration and is not an official VA, DFAS, or insurer notice."
vams-0104,train,template-06,VA,appointment_notice,none,INFORMATIONAL,0,Example VA Clinic <clinic-news@va.example.com>,Veteran <inbox@mailbox.example.com>,2026-04-19,After-visit summary from your completed appointment,"This after-visit summary covers a demonstration appointment that has already happened. No further visit is being scheduled by this message.

Visitor parking at the example garage now asks for the paper slip to be placed on the dash. The rule starts March 2, 2026 and applies whenever you happen to visit. No visit was added for you.

No action is required by this hours notice. For your information only. If you already have a separate appointment letter, follow that letter rather than this bulletin.

This message is a synthetic example created for a sorting demonstration and is not an official VA, DFAS, or insurer notice."
vams-0105,train,template-06,VA,appointment_notice,none,INFORMATIONAL,0,Example VA Clinic <clinic-news@va.example.com>,Household <household@mailbox.example.com>,2026-04-20,The lab booth location changed inside the example clinic,"A hallway project at Example Ridge Clinic changed where the lab booth sits. Your future visits, if you have any, are not being rescheduled here.

On February 16, 2026 the clinic closes for a staff training day. Emergency care for the demo campus is directed to the usual after-hours nurse line. Routine desks reopen the next morning.

This location note is informational. No action required. You do not have to confirm a slot, because no slot was booked by this message.

This message is a synthetic example created for a sorting demonstration and is not an official VA, DFAS, or insurer notice."
vams-0106,train,template-06,VA,appointment_notice,none,INFORMATIONAL,0,Example VA Clinic <clinic-news@va.example.com>,Veteran <veteran@mailbox.example.com>,2026-04-21,The lab booth location changed inside the example clinic,"A hallway project at Example Ridge Clinic changed where the lab booth sits. Your future visits, if you have any, are not being rescheduled here.

At the completed visit the nurse recorded blood pressure and reviewed medicines already on the chart. No new prescription was started. The note is available in the example health record.

No response is needed to file this after-visit summary. It does not ask you to book anything. Contact the clinic only if the completed-visit note disagrees with what you remember.

This message is a synthetic example created for a sorting demonstration and is not an official VA, DFAS, or insurer notice."
vams-0107,train,template-06,VA,appointment_notice,none,INFORMATIONAL,0,Example VA Clinic <clinic-news@va.example.com>,Veteran <inbox@mailbox.example.com>,2026-04-22,The lab booth location changed inside the example clinic,"A hallway project at Example Ridge Clinic changed where the lab booth sits. Your future visits, if you have any, are not being rescheduled here.

The lab booth moved from the first floor lobby to room 12 on the second floor of the example clinic. Signs are posted. You do not need an appointment solely because of the move.

No action is required by this hours notice. For your information only. If you already have a separate appointment letter, follow that letter rather than this bulletin.

This message is a synthetic example created for a sorting demonstration and is not an official VA, DFAS, or insurer notice."
vams-0108,train,template-06,VA,appointment_notice,none,INFORMATIONAL,0,Example VA Clinic <clinic-news@va.example.com>,Household <household@mailbox.example.com>,2026-04-23,The lab booth location changed inside the example clinic,"A hallway project at Example Ridge Clinic changed where the lab booth sits. Your future visits, if you have any, are not being rescheduled here.

Visitor parking at the example garage now asks for the paper slip to be placed on the dash. The rule starts March 2, 2026 and applies whenever you happen to visit. No visit was added for you.

File the parking bulletin if you like. No response needed. It will not affect compensation, insurance, or any claim.

This message is a synthetic example created for a sorting demonstration and is not an official VA, DFAS, or insurer notice."
vams-0109,train,template-06,VA,appointment_notice,none,INFORMATIONAL,0,Example VA Clinic <clinic-news@va.example.com>,Veteran <veteran@mailbox.example.com>,2026-04-24,"Reminder of clinic parking rules, no visit is scheduled","The example clinic is sending a short bulletin about parking. It is not a reminder of a booked visit.

On February 16, 2026 the clinic closes for a staff training day. Emergency care for the demo campus is directed to the usual after-hours nurse line. Routine desks reopen the next morning.

No response is needed to file this after-visit summary. It does not ask you to book anything. Contact the clinic only if the completed-visit note disagrees with what you remember.

This message is a synthetic example created for a sorting demonstration and is not an official VA, DFAS, or insurer notice."
vams-0110,train,template-06,VA,appointment_notice,none,INFORMATIONAL,0,Example VA Clinic <clinic-news@va.example.com>,Veteran <inbox@mailbox.example.com>,2026-04-25,"Reminder of clinic parking rules, no visit is scheduled","The example clinic is sending a short bulletin about parking. It is not a reminder of a booked visit.

At the completed visit the nurse recorded blood pressure and reviewed medicines already on the chart. No new prescription was started. The note is available in the example health record.

No action is required by this hours notice. For your information only. If you already have a separate appointment letter, follow that letter rather than this bulletin.

This message is a synthetic example created for a sorting demonstration and is not an official VA, DFAS, or insurer notice."
vams-0111,train,template-06,VA,appointment_notice,none,INFORMATIONAL,0,Example VA Clinic <clinic-news@va.example.com>,Household <household@mailbox.example.com>,2026-04-26,"Reminder of clinic parking rules, no visit is scheduled","The example clinic is sending a short bulletin about parking. It is not a reminder of a booked visit.

The lab booth moved from the first floor lobby to room 12 on the second floor of the example clinic. Signs are posted. You do not need an appointment solely because of the move.

File the parking bulletin if you like. No response needed. It will not affect compensation, insurance, or any claim.

This message is a synthetic example created for a sorting demonstration and is not an official VA, DFAS, or insurer notice."
vams-0112,train,template-06,VA,appointment_notice,none,INFORMATIONAL,0,Example VA Clinic <clinic-news@va.example.com>,Veteran <veteran@mailbox.example.com>,2026-04-27,"Reminder of clinic parking rules, no visit is scheduled","The example clinic is sending a short bulletin about parking. It is not a reminder of a booked visit.

Visitor parking at the example garage now asks for the paper slip to be placed on the dash. The rule starts March 2, 2026 and applies whenever you happen to visit. No visit was added for you.

This location note is informational. No action required. You do not have to confirm a slot, because no slot was booked by this message.

This message is a synthetic example created for a sorting demonstration and is not an official VA, DFAS, or insurer notice."
vams-0113,train,template-07,VA,claim_evidence,none,ACTION_NEEDED,0,Example VA Regional Office <claims@va.example.com>,Veteran <veteran@mailbox.example.com>,2026-04-28,We still need evidence before the claim can move,"The rater on the fictional claim cannot finish without one more item. Development is paused until that evidence arrives or the date below passes.

Please send the dates of civilian employment from 2014 through 2016, even if the employer no longer exists. A short signed statement is enough in this demo. We do not want a full personnel file.

Submit the evidence by March 27, 2026. You must reply by then if you want it considered. After the date, the rater may decide on what is already here. Action required.

This message is a synthetic example created for a sorting demonstration and is not an official VA, DFAS, or insurer notice."
vams-0114,train,template-07,VA,claim_evidence,none,ACTION_NEEDED,0,Example VA Regional Office <claims@va.example.com>,Veteran <inbox@mailbox.example.com>,2026-04-29,We still need evidence before the claim can move,"The rater on the fictional claim cannot finish without one more item. Development is paused until that evidence arrives or the date below passes.

The private hospital records from the example city's clinic were not included. A release limited to the 2022 visit would let us request them. Do not mail original films.

Action needed by June 18, 2026. That is the last day this evidence request stays open. Include your example file label in the corner of the page and do not include any government identifier number.

This message is a synthetic example created for a sorting demonstration and is not an official VA, DFAS, or insurer notice."
vams-0115,train,template-07,VA,claim_evidence,none,ACTION_NEEDED,0,Example VA Regional Office <claims@va.example.com>,Household <household@mailbox.example.com>,2026-04-30,We still need evidence before the claim can move,"The rater on the fictional claim cannot finish without one more item. Development is paused until that evidence arrives or the date below passes.

We need the separation narrative you mentioned and do not yet see. A copy is fine. The claim can use a certified copy or a clear scan in the example upload portal.

Please send the record no later than May 29, 2026. If a provider is slow, tell us before the deadline so the example office can note the delay. Otherwise the decision will not wait.

This message is a synthetic example created for a sorting demonstration and is not an official VA, DFAS, or insurer notice."
vams-0116,train,template-07,VA,claim_evidence,none,ACTION_NEEDED,0,Example VA Regional Office <claims@va.example.com>,Veteran <veteran@mailbox.example.com>,2026-05-01,We still need evidence before the claim can move,"The rater on the fictional claim cannot finish without one more item. Development is paused until that evidence arrives or the date below passes.

The examiner quoted a medication list that is not in the file. Send the current list with doses. You do not need a new physical for this particular request.

The evidence is due by April 21, 2026. A statement that you have nothing further also counts as a response and lets the claim move. Silence keeps the file in suspense until the date, then it moves without the item.

This message is a synthetic example created for a sorting demonstration and is not an official VA, DFAS, or insurer notice."
vams-0117,train,template-07,VA,claim_evidence,none,ACTION_NEEDED,0,Example VA Regional Office <claims@va.example.com>,Veteran <inbox@mailbox.example.com>,2026-05-02,Your claim is paused for a missing record,"Example Regional Office opened an evidence request on the demonstration claim. The claim is not denied; it is waiting.

Please send the dates of civilian employment from 2014 through 2016, even if the employer no longer exists. A short signed statement is enough in this demo. We do not want a full personnel file.

Action needed by June 18, 2026. That is the last day this evidence request stays open. Include your example file label in the corner of the page and do not include any government identifier number.

This message is a synthetic example created for a sorting demonstration and is not an official VA, DFAS, or insurer notice."
vams-0118,train,template-07,VA,claim_evidence,none,ACTION_NEEDED,0,Example VA Regional Office <claims@va.example.com>,Household <household@mailbox.example.com>,2026-05-03,Your claim is paused for a missing record,"Example Regional Office opened an evidence request on the demonstration claim. The claim is not denied; it is waiting.

The private hospital records from the example city's clinic were not included. A release limited to the 2022 visit would let us request them. Do not mail original films.

Please send the record no later than May 29, 2026. If a provider is slow, tell us before the deadline so the example office can note the delay. Otherwise the decision will not wait.

This message is a synthetic example created for a sorting demonstration and is not an official VA, DFAS, or insurer notice."
vams-0119,train,template-07,VA,claim_evidence,none,ACTION_NEEDED,0,Example VA Regional Office <claims@va.example.com>,Veteran <veteran@mailbox.example.com>,2026-05-04,Your claim is paused for a missing record,"Example Regional Office opened an evidence request on the demonstration claim. The claim is not denied; it is waiting.

We need the separation narrative you mentioned and do not yet see. A copy is fine. The claim can use a certified copy or a clear scan in the example upload portal.

The evidence is due by April 21, 2026. A statement that you have nothing further also counts as a response and lets the claim move. Silence keeps the file in suspense until the date, then it moves without the item.

This message is a synthetic example created for a sorting demonstration and is not an official VA, DFAS, or insurer notice."
vams-0120,train,template-07,VA,claim_evidence,none,ACTION_NEEDED,0,Example VA Regional Office <claims@va.example.com>,Veteran <inbox@mailbox.example.com>,2026-05-05,Your claim is paused for a missing record,"Example Regional Office opened an evidence request on the demonstration claim. The claim is not denied; it is waiting.

The examiner quoted a medication list that is not in the file. Send the current list with doses. You do not need a new physical for this particular request.

Submit the evidence by March 27, 2026. You must reply by then if you want it considered. After the date, the rater may decide on what is already here. Action required.

This message is a synthetic example created for a sorting demonstration and is not an official VA, DFAS, or insurer notice."
vams-0121,train,template-07,VA,claim_evidence,none,ACTION_NEEDED,0,Example VA Regional Office <claims@va.example.com>,Household <household@mailbox.example.com>,2026-05-06,Please send the employment dates the rater asked for,"A review of the example claim found a gap. We are asking for the missing piece now so the decision is not made on an incomplete file.

Please send the dates of civilian employment from 2014 through 2016, even if the employer no longer exists. A short signed statement is enough in this demo. We do not want a full personnel file.

Please send the record no later than May 29, 2026. If a provider is slow, tell us before the deadline so the example office can note the delay. Otherwise the decision will not wait.

This message is a synthetic example created for a sorting demonstration and is not an official VA, DFAS, or insurer notice."
vams-0122,train,template-07,VA,claim_evidence,none,ACTION_NEEDED,0,Example VA Regional Office <claims@va.example.com>,Veteran <veteran@mailbox.example.com>,2026-05-07,Please send the employment dates the rater asked for,"A review of the example claim found a gap. We are asking for the missing piece now so the decision is not made on an incomplete file.

The private hospital records from the example city's clinic were not included. A release limited to the 2022 visit would let us request them. Do not mail original films.

The evidence is due by April 21, 2026. A statement that you have nothing further also counts as a response and lets the claim move. Silence keeps the file in suspense until the date, then it moves without the item.

This message is a synthetic example created for a sorting demonstration and is not an official VA, DFAS, or insurer notice."
vams-0123,train,template-07,VA,claim_evidence,none,ACTION_NEEDED,0,Example VA Regional Office <claims@va.example.com>,Veteran <inbox@mailbox.example.com>,2026-05-08,Please send the employment dates the rater asked for,"A review of the example claim found a gap. We are asking for the missing piece now so the decision is not made on an incomplete file.

We need the separation narrative you mentioned and do not yet see. A copy is fine. The claim can use a certified copy or a clear scan in the example upload portal.

Submit the evidence by March 27, 2026. You must reply by then if you want it considered. After the date, the rater may decide on what is already here. Action required.

This message is a synthetic example created for a sorting demonstration and is not an official VA, DFAS, or insurer notice."
vams-0124,train,template-07,VA,claim_evidence,none,ACTION_NEEDED,0,Example VA Regional Office <claims@va.example.com>,Household <household@mailbox.example.com>,2026-05-09,Please send the employment dates the rater asked for,"A review of the example claim found a gap. We are asking for the missing piece now so the decision is not made on an incomplete file.

The examiner quoted a medication list that is not in the file. Send the current list with doses. You do not need a new physical for this particular request.

Action needed by June 18, 2026. That is the last day this evidence request stays open. Include your example file label in the corner of the page and do not include any government identifier number.

This message is a synthetic example created for a sorting demonstration and is not an official VA, DFAS, or insurer notice."
vams-0125,train,template-07,VA,claim_evidence,none,ACTION_NEEDED,0,Example VA Regional Office <claims@va.example.com>,Veteran <veteran@mailbox.example.com>,2026-05-10,Evidence request with a due date on the example claim,"This is a development letter. The fictional claim stays open, and the next step belongs to you or to the records office you authorize.

Please send the dates of civilian employment from 2014 through 2016, even if the employer no longer exists. A short signed statement is enough in this demo. We do not want a full personnel file.

The evidence is due by April 21, 2026. A statement that you have nothing further also counts as a response and lets the claim move. Silence keeps the file in suspense until the date, then it moves without the item.

This message is a synthetic example created for a sorting demonstration and is not an official VA, DFAS, or insurer notice."
vams-0126,train,template-07,VA,claim_evidence,none,ACTION_NEEDED,0,Example VA Regional Office <claims@va.example.com>,Veteran <inbox@mailbox.example.com>,2026-05-11,Evidence request with a due date on the example claim,"This is a development letter. The fictional claim stays open, and the next step belongs to you or to the records office you authorize.

The private hospital records from the example city's clinic were not included. A release limited to the 2022 visit would let us request them. Do not mail original films.

Submit the evidence by March 27, 2026. You must reply by then if you want it considered. After the date, the rater may decide on what is already here. Action required.

This message is a synthetic example created for a sorting demonstration and is not an official VA, DFAS, or insurer notice."
vams-0127,train,template-07,VA,claim_evidence,none,ACTION_NEEDED,0,Example VA Regional Office <claims@va.example.com>,Household <household@mailbox.example.com>,2026-05-12,Evidence request with a due date on the example claim,"This is a development letter. The fictional claim stays open, and the next step belongs to you or to the records office you authorize.

We need the separation narrative you mentioned and do not yet see. A copy is fine. The claim can use a certified copy or a clear scan in the example upload portal.

Action needed by June 18, 2026. That is the last day this evidence request stays open. Include your example file label in the corner of the page and do not include any government identifier number.

This message is a synthetic example created for a sorting demonstration and is not an official VA, DFAS, or insurer notice."
vams-0128,train,template-07,VA,claim_evidence,none,ACTION_NEEDED,0,Example VA Regional Office <claims@va.example.com>,Veteran <veteran@mailbox.example.com>,2026-05-13,Evidence request with a due date on the example claim,"This is a development letter. The fictional claim stays open, and the next step belongs to you or to the records office you authorize.

The examiner quoted a medication list that is not in the file. Send the current list with doses. You do not need a new physical for this particular request.

Please send the record no later than May 29, 2026. If a provider is slow, tell us before the deadline so the example office can note the delay. Otherwise the decision will not wait.

This message is a synthetic example created for a sorting demonstration and is not an official VA, DFAS, or insurer notice."
vams-0129,train,template-08,VA,claim_status,none,INFORMATIONAL,0,Example VA Regional Office <status@va.example.com>,Veteran <veteran@mailbox.example.com>,2026-05-14,We have received your claim,"This status note describes where the fictional claim sits. It does not ask for a form, a fee, or a phone call.

We have received the claim package that was submitted in January. It is in the initial review queue. No one has been assigned as the rater yet.

No action is required. No response needed to keep your place in the queue. We will write a separate letter if evidence is actually missing.

This message is a synthetic example created for a sorting demonstration and is not an official VA, DFAS, or insurer notice."
vams-0130,train,template-08,VA,claim_status,none,INFORMATIONAL,0,Example VA Regional Office <status@va.example.com>,Veteran <inbox@mailbox.example.com>,2026-05-15,We have received your claim,"This status note describes where the fictional claim sits. It does not ask for a form, a fee, or a phone call.

The claim is still processing. A medical exam was completed last week and the results are in the file. The next step is internal.

No response is needed. If a later letter sets a date, that letter replaces this status note. Until then, the claim remains in process.

This message is a synthetic example created for a sorting demonstration and is not an official VA, DFAS, or insurer notice."
vams-0131,train,template-08,VA,claim_status,none,INFORMATIONAL,0,Example VA Regional Office <status@va.example.com>,Household <household@mailbox.example.com>,2026-05-16,We have received your claim,"This status note describes where the fictional claim sits. It does not ask for a form, a fee, or a phone call.

The file moved from development to the rating queue on March 4, 2026. No further evidence is being requested in this update.

This status update does not set a deadline. No action required. Checking again next week will not move the example queue.

This message is a synthetic example created for a sorting demonstration and is not an official VA, DFAS, or insurer notice."
vams-0132,train,template-08,VA,claim_status,none,INFORMATIONAL,0,Example VA Regional Office <status@va.example.com>,Veteran <veteran@mailbox.example.com>,2026-05-17,We have received your claim,"This status note describes where the fictional claim sits. It does not ask for a form, a fee, or a phone call.

A duplicate upload of a document you already sent was ignored automatically. The claim content is unchanged and is still processing.

For your information, waiting is the correct step. Do not send another copy of the same claim. A decision letter, when it exists, will say so in the subject.

This message is a synthetic example created for a sorting demonstration and is not an official VA, DFAS, or insurer notice."
vams-0133,train,template-08,VA,claim_status,none,INFORMATIONAL,0,Example VA Regional Office <status@va.example.com>,Veteran <inbox@mailbox.example.com>,2026-05-18,Status update: the example claim is still processing,"Example Regional Office is confirming receipt activity on the demonstration claim. The message is a snapshot, not a decision.

We have received the claim package that was submitted in January. It is in the initial review queue. No one has been assigned as the rater yet.

No response is needed. If a later letter sets a date, that letter replaces this status note. Until then, the claim remains in process.

This message is a synthetic example created for a sorting demonstration and is not an official VA, DFAS, or insurer notice."
vams-0134,train,template-08,VA,claim_status,none,INFORMATIONAL,0,Example VA Regional Office <status@va.example.com>,Household <household@mailbox.example.com>,2026-05-19,Status update: the example claim is still processing,"Example Regional Office is confirming receipt activity on the demonstration claim. The message is a snapshot, not a decision.

The claim is still processing. A medical exam was completed last week and the results are in the file. The next step is internal.

This status update does not set a deadline. No action required. Checking again next week will not move the example queue.

This message is a synthetic example created for a sorting demonstration and is not an official VA, DFAS, or insurer notice."
vams-0135,train,template-08,VA,claim_status,none,INFORMATIONAL,0,Example VA Regional Office <status@va.example.com>,Veteran <veteran@mailbox.example.com>,2026-05-20,Status update: the example claim is still processing,"Example Regional Office is confirming receipt activity on the demonstration claim. The message is a snapshot, not a decision.

The file moved from development to the rating queue on March 4, 2026. No further evidence is being requested in this update.

For your information, waiting is the correct step. Do not send another copy of the same claim. A decision letter, when it exists, will say so in the subject.

This message is a synthetic example created for a sorting demonstration and is not an official VA, DFAS, or insurer notice."
vams-0136,train,template-08,VA,claim_status,none,INFORMATIONAL,0,Example VA Regional Office <status@va.example.com>,Veteran <inbox@mailbox.example.com>,2026-05-21,Status update: the example claim is still processing,"Example Regional Office is confirming receipt activity on the demonstration claim. The message is a snapshot, not a decision.

A duplicate upload of a document you already sent was ignored automatically. The claim content is unchanged and is still processing.

No action is required. No response needed to keep your place in the queue. We will write a separate letter if evidence is actually missing.

This message is a synthetic example created for a sorting demonstration and is not an official VA, DFAS, or insurer notice."
vams-0137,train,template-08,VA,claim_status,none,INFORMATIONAL,0,Example VA Regional Office <status@va.example.com>,Household <household@mailbox.example.com>,2026-05-22,Your claim moved to the rating queue,"The example claim changed queues. We send these notes so the wait is visible. Nothing is due from you because of this one.

We have received the claim package that was submitted in January. It is in the initial review queue. No one has been assigned as the rater yet.

This status update does not set a deadline. No action required. Checking again next week will not move the example queue.

This message is a synthetic example created for a sorting demonstration and is not an official VA, DFAS, or insurer notice."
vams-0138,train,template-08,VA,claim_status,none,INFORMATIONAL,0,Example VA Regional Office <status@va.example.com>,Veteran <veteran@mailbox.example.com>,2026-05-23,Your claim moved to the rating queue,"The example claim changed queues. We send these notes so the wait is visible. Nothing is due from you because of this one.

The claim is still processing. A medical exam was completed last week and the results are in the file. The next step is internal.

For your information, waiting is the correct step. Do not send another copy of the same claim. A decision letter, when it exists, will say so in the subject.

This message is a synthetic example created for a sorting demonstration and is not an official VA, DFAS, or insurer notice."
vams-0139,train,template-08,VA,claim_status,none,INFORMATIONAL,0,Example VA Regional Office <status@va.example.com>,Veteran <inbox@mailbox.example.com>,2026-05-24,Your claim moved to the rating queue,"The example claim changed queues. We send these notes so the wait is visible. Nothing is due from you because of this one.

The file moved from development to the rating queue on March 4, 2026. No further evidence is being requested in this update.

No action is required. No response needed to keep your place in the queue. We will write a separate letter if evidence is actually missing.

This message is a synthetic example created for a sorting demonstration and is not an official VA, DFAS, or insurer notice."
vams-0140,train,template-08,VA,claim_status,none,INFORMATIONAL,0,Example VA Regional Office <status@va.example.com>,Household <household@mailbox.example.com>,2026-05-25,Your claim moved to the rating queue,"The example claim changed queues. We send these notes so the wait is visible. Nothing is due from you because of this one.

A duplicate upload of a document you already sent was ignored automatically. The claim content is unchanged and is still processing.

No response is needed. If a later letter sets a date, that letter replaces this status note. Until then, the claim remains in process.

This message is a synthetic example created for a sorting demonstration and is not an official VA, DFAS, or insurer notice."
vams-0141,train,template-08,VA,claim_status,none,INFORMATIONAL,0,Example VA Regional Office <status@va.example.com>,Veteran <veteran@mailbox.example.com>,2026-05-26,No new documents are requested right now,"A processing update was generated for the fictional file. Read it as a status, not as a task.

We have received the claim package that was submitted in January. It is in the initial review queue. No one has been assigned as the rater yet.

For your information, waiting is the correct step. Do not send another copy of the same claim. A decision letter, when it exists, will say so in the subject.

This message is a synthetic example created for a sorting demonstration and is not an official VA, DFAS, or insurer notice."
vams-0142,train,template-08,VA,claim_status,none,INFORMATIONAL,0,Example VA Regional Office <status@va.example.com>,Veteran <inbox@mailbox.example.com>,2026-05-27,No new documents are requested right now,"A processing update was generated for the fictional file. Read it as a status, not as a task.

The claim is still processing. A medical exam was completed last week and the results are in the file. The next step is internal.

No action is required. No response needed to keep your place in the queue. We will write a separate letter if evidence is actually missing.

This message is a synthetic example created for a sorting demonstration and is not an official VA, DFAS, or insurer notice."
vams-0143,train,template-08,VA,claim_status,none,INFORMATIONAL,0,Example VA Regional Office <status@va.example.com>,Household <household@mailbox.example.com>,2026-05-28,No new documents are requested right now,"A processing update was generated for the fictional file. Read it as a status, not as a task.

The file moved from development to the rating queue on March 4, 2026. No further evidence is being requested in this update.

No response is needed. If a later letter sets a date, that letter replaces this status note. Until then, the claim remains in process.

This message is a synthetic example created for a sorting demonstration and is not an official VA, DFAS, or insurer notice."
vams-0144,train,template-08,VA,claim_status,none,INFORMATIONAL,0,Example VA Regional Office <status@va.example.com>,Veteran <veteran@mailbox.example.com>,2026-05-29,No new documents are requested right now,"A processing update was generated for the fictional file. Read it as a status, not as a task.

A duplicate upload of a document you already sent was ignored automatically. The claim content is unchanged and is still processing.

This status update does not set a deadline. No action required. Checking again next week will not move the example queue.

This message is a synthetic example created for a sorting demonstration and is not an official VA, DFAS, or insurer notice."
vams-0145,train,template-09,VA,address_verification,none,ACTION_NEEDED,0,Example VA Regional Office <address@va.example.com>,Veteran <veteran@mailbox.example.com>,2026-05-30,Please verify your mailing address,"The address on the fictional file has not been confirmed in more than a year. Payments and letters both use it, so a check is due.

The address we have is a street in the fictional town of North Example. If you still receive mail there, a simple confirmation is enough. If you moved, send the new street, city, and ZIP.

Verify your address by March 13, 2026. Action required so payments are not delayed. Reply with 'address correct' or with the new address. Do not include an account number.

This message is a synthetic example created for a sorting demonstration and is not an official VA, DFAS, or insurer notice."
vams-0146,train,template-09,DFAS,address_verification,none,ACTION_NEEDED,0,Example myPay <address@dfas.example.com>,Veteran <inbox@mailbox.example.com>,2026-05-31,Please verify your mailing address,"The address on the fictional file has not been confirmed in more than a year. Payments and letters both use it, so a check is due.

The returned envelope did not include a forwarding sticker. Until you verify your address, paper notices will be held in the example queue rather than remailed.

Action needed by June 10, 2026: tell us the address is right or replace it. After that date the example file is marked unverified and some notices stop.

This message is a synthetic example created for a sorting demonstration and is not an official VA, DFAS, or insurer notice."
vams-0147,train,template-09,VA,address_verification,none,ACTION_NEEDED,0,Example VA Regional Office <address@va.example.com>,Household <household@mailbox.example.com>,2026-06-01,Please verify your mailing address,"The address on the fictional file has not been confirmed in more than a year. Payments and letters both use it, so a check is due.

Direct deposit can continue to the bank already on file, but the postal address still has to be current for tax statements and decision letters. Those are separate fields.

You must reply by May 6, 2026. Address verification is the whole task. A relative can mail the confirmation if you sign it.

This message is a synthetic example created for a sorting demonstration and is not an official VA, DFAS, or insurer notice."
vams-0148,train,template-09,DFAS,address_verification,none,ACTION_NEEDED,0,Example myPay <address@dfas.example.com>,Veteran <veteran@mailbox.example.com>,2026-06-02,Please verify your mailing address,"The address on the fictional file has not been confirmed in more than a year. Payments and letters both use it, so a check is due.

We will not ask you to read a code aloud or to type a password. The only fact needed is whether the mailing address is right.

Please confirm the mailing address no later than April 9, 2026. If we do not hear from you, paper mail pauses. Electronic deposit is not a substitute for this confirmation.

This message is a synthetic example created for a sorting demonstration and is not an official VA, DFAS, or insurer notice."
vams-0149,train,template-09,VA,address_verification,none,ACTION_NEEDED,0,Example VA Regional Office <address@va.example.com>,Veteran <inbox@mailbox.example.com>,2026-06-03,Address verification needed before the next payment,"A piece of example mail was returned by the postal service. We need a current address before the next notice is sent.

The address we have is a street in the fictional town of North Example. If you still receive mail there, a simple confirmation is enough. If you moved, send the new street, city, and ZIP.

Action needed by June 10, 2026: tell us the address is right or replace it. After that date the example file is marked unverified and some notices stop.

This message is a synthetic example created for a sorting demonstration and is not an official VA, DFAS, or insurer notice."
vams-0150,train,template-09,DFAS,address_verification,none,ACTION_NEEDED,0,Example myPay <address@dfas.example.com>,Household <household@mailbox.example.com>,2026-06-04,Address verification needed before the next payment,"A piece of example mail was returned by the postal service. We need a current address before the next notice is sent.

The returned envelope did not include a forwarding sticker. Until you verify your address, paper notices will be held in the example queue rather than remailed.

You must reply by May 6, 2026. Address verification is the whole task. A relative can mail the confirmation if you sign it.

This message is a synthetic example created for a sorting demonstration and is not an official VA, DFAS, or insurer notice."
vams-0151,train,template-09,VA,address_verification,none,ACTION_NEEDED,0,Example VA Regional Office <address@va.example.com>,Veteran <veteran@mailbox.example.com>,2026-06-05,Address verification needed before the next payment,"A piece of example mail was returned by the postal service. We need a current address before the next notice is sent.

Direct deposit can continue to the bank already on file, but the postal address still has to be current for tax statements and decision letters. Those are separate fields.

Please confirm the mailing address no later than April 9, 2026. If we do not hear from you, paper mail pauses. Electronic deposit is not a substitute for this confirmation.

This message is a synthetic example created for a sorting demonstration and is not an official VA, DFAS, or insurer notice."
vams-0152,train,template-09,DFAS,address_verification,none,ACTION_NEEDED,0,Example myPay <address@dfas.example.com>,Veteran <inbox@mailbox.example.com>,2026-06-06,Address verification needed before the next payment,"A piece of example mail was returned by the postal service. We need a current address before the next notice is sent.

We will not ask you to read a code aloud or to type a password. The only fact needed is whether the mailing address is right.

Verify your address by March 13, 2026. Action required so payments are not delayed. Reply with 'address correct' or with the new address. Do not include an account number.

This message is a synthetic example created for a sorting demonstration and is not an official VA, DFAS, or insurer notice."
vams-0153,train,template-09,VA,address_verification,none,ACTION_NEEDED,0,Example VA Regional Office <address@va.example.com>,Household <household@mailbox.example.com>,2026-06-07,Confirm the address on the example file,"Example myPay and the example benefits file share a mailing address in this demo. One of them failed a postal check.

The address we have is a street in the fictional town of North Example. If you still receive mail there, a simple confirmation is enough. If you moved, send the new street, city, and ZIP.

You must reply by May 6, 2026. Address verification is the whole task. A relative can mail the confirmation if you sign it.

This message is a synthetic example created for a sorting demonstration and is not an official VA, DFAS, or insurer notice."
vams-0154,train,template-09,DFAS,address_verification,none,ACTION_NEEDED,0,Example myPay <address@dfas.example.com>,Veteran <veteran@mailbox.example.com>,2026-06-08,Confirm the address on the example file,"Example myPay and the example benefits file share a mailing address in this demo. One of them failed a postal check.

The returned envelope did not include a forwarding sticker. Until you verify your address, paper notices will be held in the example queue rather than remailed.

Please confirm the mailing address no later than April 9, 2026. If we do not hear from you, paper mail pauses. Electronic deposit is not a substitute for this confirmation.

This message is a synthetic example created for a sorting demonstration and is not an official VA, DFAS, or insurer notice."
vams-0155,train,template-09,VA,address_verification,none,ACTION_NEEDED,0,Example VA Regional Office <address@va.example.com>,Veteran <inbox@mailbox.example.com>,2026-06-09,Confirm the address on the example file,"Example myPay and the example benefits file share a mailing address in this demo. One of them failed a postal check.

Direct deposit can continue to the bank already on file, but the postal address still has to be current for tax statements and decision letters. Those are separate fields.

Verify your address by March 13, 2026. Action required so payments are not delayed. Reply with 'address correct' or with the new address. Do not include an account number.

This message is a synthetic example created for a sorting demonstration and is not an official VA, DFAS, or insurer notice."
vams-0156,train,template-09,DFAS,address_verification,none,ACTION_NEEDED,0,Example myPay <address@dfas.example.com>,Household <household@mailbox.example.com>,2026-06-10,Confirm the address on the example file,"Example myPay and the example benefits file share a mailing address in this demo. One of them failed a postal check.

We will not ask you to read a code aloud or to type a password. The only fact needed is whether the mailing address is right.

Action needed by June 10, 2026: tell us the address is right or replace it. After that date the example file is marked unverified and some notices stop.

This message is a synthetic example created for a sorting demonstration and is not an official VA, DFAS, or insurer notice."
vams-0157,train,template-09,VA,address_verification,none,ACTION_NEEDED,0,Example VA Regional Office <address@va.example.com>,Veteran <veteran@mailbox.example.com>,2026-06-11,We need a current address to keep payments moving,"This is an address verification request on the demonstration account. It is not a request for a bank password or a government identifier.

The address we have is a street in the fictional town of North Example. If you still receive mail there, a simple confirmation is enough. If you moved, send the new street, city, and ZIP.

Please confirm the mailing address no later than April 9, 2026. If we do not hear from you, paper mail pauses. Electronic deposit is not a substitute for this confirmation.

This message is a synthetic example created for a sorting demonstration and is not an official VA, DFAS, or insurer notice."
vams-0158,train,template-09,DFAS,address_verification,none,ACTION_NEEDED,0,Example myPay <address@dfas.example.com>,Veteran <inbox@mailbox.example.com>,2026-06-12,We need a current address to keep payments moving,"This is an address verification request on the demonstration account. It is not a request for a bank password or a government identifier.

The returned envelope did not include a forwarding sticker. Until you verify your address, paper notices will be held in the example queue rather than remailed.

Verify your address by March 13, 2026. Action required so payments are not delayed. Reply with 'address correct' or with the new address. Do not include an account number.

This message is a synthetic example created for a sorting demonstration and is not an official VA, DFAS, or insurer notice."
vams-0159,train,template-09,VA,address_verification,none,ACTION_NEEDED,0,Example VA Regional Office <address@va.example.com>,Household <household@mailbox.example.com>,2026-06-13,We need a current address to keep payments moving,"This is an address verification request on the demonstration account. It is not a request for a bank password or a government identifier.

Direct deposit can continue to the bank already on file, but the postal address still has to be current for tax statements and decision letters. Those are separate fields.

Action needed by June 10, 2026: tell us the address is right or replace it. After that date the example file is marked unverified and some notices stop.

This message is a synthetic example created for a sorting demonstration and is not an official VA, DFAS, or insurer notice."
vams-0160,train,template-09,DFAS,address_verification,none,ACTION_NEEDED,0,Example myPay <address@dfas.example.com>,Veteran <veteran@mailbox.example.com>,2026-06-14,We need a current address to keep payments moving,"This is an address verification request on the demonstration account. It is not a request for a bank password or a government identifier.

We will not ask you to read a code aloud or to type a password. The only fact needed is whether the mailing address is right.

You must reply by May 6, 2026. Address verification is the whole task. A relative can mail the confirmation if you sign it.

This message is a synthetic example created for a sorting demonstration and is not an official VA, DFAS, or insurer notice."
vams-0177,train,template-11,DFAS,mypay_1099,none,INFORMATIONAL,0,Example myPay <statements@dfas.example.com>,Veteran <veteran@mailbox.example.com>,2026-07-01,Your example 1099-R is now available,"Example myPay posted the annual tax statement for the fictional retired-pay account. This note says where to read it.

The statement summarizes retired pay posted during the prior calendar year on the demonstration account. The total is $14,400.00. Withholding shown there matches what was already taken.

No action is required to keep retired pay going. For your information, the statement will remain available in the example account. This letter does not set a filing deadline with any tax authority.

This message is a synthetic example created for a sorting demonstration and is not an official VA, DFAS, or insurer notice."
vams-0178,train,template-11,DFAS,mypay_1099,none,INFORMATIONAL,0,Example myPay <statements@dfas.example.com>,Veteran <inbox@mailbox.example.com>,2026-07-02,Your example 1099-R is now available,"Example myPay posted the annual tax statement for the fictional retired-pay account. This note says where to read it.

You can download the 1099-R from the statements tab of example myPay. The form uses the mailing address already verified. No new address is requested here.

No action required by example myPay because of this posting. Keep the statement with your tax papers if you wish.

This message is a synthetic example created for a sorting demonstration and is not an official VA, DFAS, or insurer notice."
vams-0179,train,template-11,DFAS,mypay_1099,none,INFORMATIONAL,0,Example myPay <statements@dfas.example.com>,Household <household@mailbox.example.com>,2026-07-03,Your example 1099-R is now available,"Example myPay posted the annual tax statement for the fictional retired-pay account. This note says where to read it.

The posted statement shows gross pay and the amount withheld for federal tax. It does not calculate what you owe. A tax preparer, if you use one, should read the form itself.

This availability note is informational. You do not have to reply. Downloading the form is optional until you are ready to prepare taxes.

This message is a synthetic example created for a sorting demonstration and is not an official VA, DFAS, or insurer notice."
vams-0180,train,template-11,DFAS,mypay_1099,none,INFORMATIONAL,0,Example myPay <statements@dfas.example.com>,Veteran <veteran@mailbox.example.com>,2026-01-05,Your example 1099-R is now available,"Example myPay posted the annual tax statement for the fictional retired-pay account. This note says where to read it.

Last year's statement is now available alongside the monthly advice of pay. The monthly slips were not changed by this posting.

No response needed. If the figures look wrong, the example myPay help page explains how to ask for a review, and that request would be a separate process.

This message is a synthetic example created for a sorting demonstration and is not an official VA, DFAS, or insurer notice."
vams-0181,train,template-11,DFAS,mypay_1099,none,INFORMATIONAL,0,Example myPay <statements@dfas.example.com>,Veteran <inbox@mailbox.example.com>,2026-01-06,Tax statement ready in example myPay,"The demonstration 1099-R for last year is ready. We are not asking you to change withholding in this message.

The statement summarizes retired pay posted during the prior calendar year on the demonstration account. The total is $14,400.00. Withholding shown there matches what was already taken.

No action required by example myPay because of this posting. Keep the statement with your tax papers if you wish.

This message is a synthetic example created for a sorting demonstration and is not an official VA, DFAS, or insurer notice."
vams-0182,train,template-11,DFAS,mypay_1099,none,INFORMATIONAL,0,Example myPay <statements@dfas.example.com>,Household <household@mailbox.example.com>,2026-01-07,Tax statement ready in example myPay,"The demonstration 1099-R for last year is ready. We are not asking you to change withholding in this message.

You can download the 1099-R from the statements tab of example myPay. The form uses the mailing address already verified. No new address is requested here.

This availability note is informational. You do not have to reply. Downloading the form is optional until you are ready to prepare taxes.

This message is a synthetic example created for a sorting demonstration and is not an official VA, DFAS, or insurer notice."
vams-0183,train,template-11,DFAS,mypay_1099,none,INFORMATIONAL,0,Example myPay <statements@dfas.example.com>,Veteran <veteran@mailbox.example.com>,2026-01-08,Tax statement ready in example myPay,"The demonstration 1099-R for last year is ready. We are not asking you to change withholding in this message.

The posted statement shows gross pay and the amount withheld for federal tax. It does not calculate what you owe. A tax preparer, if you use one, should read the form itself.

No response needed. If the figures look wrong, the example myPay help page explains how to ask for a review, and that request would be a separate process.

This message is a synthetic example created for a sorting demonstration and is not an official VA, DFAS, or insurer notice."
vams-0184,train,template-11,DFAS,mypay_1099,none,INFORMATIONAL,0,Example myPay <statements@dfas.example.com>,Veteran <inbox@mailbox.example.com>,2026-01-09,Tax statement ready in example myPay,"The demonstration 1099-R for last year is ready. We are not asking you to change withholding in this message.

Last year's statement is now available alongside the monthly advice of pay. The monthly slips were not changed by this posting.

No action is required to keep retired pay going. For your information, the statement will remain available in the example account. This letter does not set a filing deadline with any tax authority.

This message is a synthetic example created for a sorting demonstration and is not an official VA, DFAS, or insurer notice."
vams-0185,train,template-11,DFAS,mypay_1099,none,INFORMATIONAL,0,Example myPay <statements@dfas.example.com>,Household <household@mailbox.example.com>,2026-01-10,The retired-pay statement for last year is posted,"A tax statement was added to the example document list. It replaces nothing you have to sign.

The statement summarizes retired pay posted during the prior calendar year on the demonstration account. The total is $14,400.00. Withholding shown there matches what was already taken.

This availability note is informational. You do not have to reply. Downloading the form is optional until you are ready to prepare taxes.

This message is a synthetic example created for a sorting demonstration and is not an official VA, DFAS, or insurer notice."
vams-0186,train,template-11,DFAS,mypay_1099,none,INFORMATIONAL,0,Example myPay <statements@dfas.example.com>,Veteran <veteran@mailbox.example.com>,2026-01-11,The retired-pay statement for last year is posted,"A tax statement was added to the example document list. It replaces nothing you have to sign.

You can download the 1099-R from the statements tab of example myPay. The form uses the mailing address already verified. No new address is requested here.

No response needed. If the figures look wrong, the example myPay help page explains how to ask for a review, and that request would be a separate process.

This message is a synthetic example created for a sorting demonstration and is not an official VA, DFAS, or insurer notice."
vams-0187,train,template-11,DFAS,mypay_1099,none,INFORMATIONAL,0,Example myPay <statements@dfas.example.com>,Veteran <inbox@mailbox.example.com>,2026-01-12,The retired-pay statement for last year is posted,"A tax statement was added to the example document list. It replaces nothing you have to sign.

The posted statement shows gross pay and the amount withheld for federal tax. It does not calculate what you owe. A tax preparer, if you use one, should read the form itself.

No action is required to keep retired pay going. For your information, the statement will remain available in the example account. This letter does not set a filing deadline with any tax authority.

This message is a synthetic example created for a sorting demonstration and is not an official VA, DFAS, or insurer notice."
vams-0188,train,template-11,DFAS,mypay_1099,none,INFORMATIONAL,0,Example myPay <statements@dfas.example.com>,Household <household@mailbox.example.com>,2026-01-13,The retired-pay statement for last year is posted,"A tax statement was added to the example document list. It replaces nothing you have to sign.

Last year's statement is now available alongside the monthly advice of pay. The monthly slips were not changed by this posting.

No action required by example myPay because of this posting. Keep the statement with your tax papers if you wish.

This message is a synthetic example created for a sorting demonstration and is not an official VA, DFAS, or insurer notice."
vams-0189,train,template-11,DFAS,mypay_1099,none,INFORMATIONAL,0,Example myPay <statements@dfas.example.com>,Veteran <veteran@mailbox.example.com>,2026-01-14,"1099-R posted for your records, no change was requested","This is the availability notice for the example 1099-R. It is not a bill and not a debt letter.

The statement summarizes retired pay posted during the prior calendar year on the demonstration account. The total is $14,400.00. Withholding shown there matches what was already taken.

No response needed. If the figures look wrong, the example myPay help page explains how to ask for a review, and that request would be a separate process.

This message is a synthetic example created for a sorting demonstration and is not an official VA, DFAS, or insurer notice."
vams-0190,train,template-11,DFAS,mypay_1099,none,INFORMATIONAL,0,Example myPay <statements@dfas.example.com>,Veteran <inbox@mailbox.example.com>,2026-01-15,"1099-R posted for your records, no change was requested","This is the availability notice for the example 1099-R. It is not a bill and not a debt letter.

You can download the 1099-R from the statements tab of example myPay. The form uses the mailing address already verified. No new address is requested here.

No action is required to keep retired pay going. For your information, the statement will remain available in the example account. This letter does not set a filing deadline with any tax authority.

This message is a synthetic example created for a sorting demonstration and is not an official VA, DFAS, or insurer notice."
vams-0191,train,template-11,DFAS,mypay_1099,none,INFORMATIONAL,0,Example myPay <statements@dfas.example.com>,Household <household@mailbox.example.com>,2026-01-16,"1099-R posted for your records, no change was requested","This is the availability notice for the example 1099-R. It is not a bill and not a debt letter.

The posted statement shows gross pay and the amount withheld for federal tax. It does not calculate what you owe. A tax preparer, if you use one, should read the form itself.

No action required by example myPay because of this posting. Keep the statement with your tax papers if you wish.

This message is a synthetic example created for a sorting demonstration and is not an official VA, DFAS, or insurer notice."
vams-0192,train,template-11,DFAS,mypay_1099,none,INFORMATIONAL,0,Example myPay <statements@dfas.example.com>,Veteran <veteran@mailbox.example.com>,2026-01-17,"1099-R posted for your records, no change was requested","This is the availability notice for the example 1099-R. It is not a bill and not a debt letter.

Last year's statement is now available alongside the monthly advice of pay. The monthly slips were not changed by this posting.

This availability note is informational. You do not have to reply. Downloading the form is optional until you are ready to prepare taxes.

This message is a synthetic example created for a sorting demonstration and is not an official VA, DFAS, or insurer notice."
vams-0193,train,template-12,VA,newsletter,urgent_newsletter,INFORMATIONAL,0,Example VA News <news@va.example.com>,Veteran <veteran@mailbox.example.com>,2026-01-18,Urgent: do not miss this month's benefits bulletin,"Urgent wording is intentional in this bulletin, and it still is only a newsletter. Nothing in it is a personal deadline on a claim, a debt, or a policy.

The article compares community-care myths with the way referrals actually work in the example system. It mentions no individual claim and asks for no document.

No action is required. This is a newsletter. Unsubscribe at news.example.com/unsubscribe if you do not want the example bulletin. For your information only.

This message is a synthetic example created for a sorting demonstration and is not an official VA, DFAS, or insurer notice."
vams-0194,train,template-12,VA,newsletter,urgent_newsletter,INFORMATIONAL,0,Example VA News <news@va.example.com>,Veteran <inbox@mailbox.example.com>,2026-01-19,Urgent: do not miss this month's benefits bulletin,"Urgent wording is intentional in this bulletin, and it still is only a newsletter. Nothing in it is a personal deadline on a claim, a debt, or a policy.

A short piece lists questions to ask at a routine visit. It is written for any reader. It does not confirm that you have a visit booked.

For your information. No deadline applies to you because of this mailing. If a real decision later needs a reply, it will arrive as its own letter and will not look like this bulletin.

This message is a synthetic example created for a sorting demonstration and is not an official VA, DFAS, or insurer notice."
vams-0195,train,template-12,VA,newsletter,urgent_newsletter,INFORMATIONAL,0,Example VA News <news@va.example.com>,Household <household@mailbox.example.com>,2026-01-20,Urgent: do not miss this month's benefits bulletin,"Urgent wording is intentional in this bulletin, and it still is only a newsletter. Nothing in it is a personal deadline on a claim, a debt, or a policy.

The bulletin describes how a higher-level review differs from a supplemental claim in general terms. It is education, not an invitation tied to a decision in your name.

Newsletter only: no action required to protect a payment or a policy. You can ignore the urgent tone. The unsubscribe link is https://news.example.com/unsubscribe and it is not a login page.

This message is a synthetic example created for a sorting demonstration and is not an official VA, DFAS, or insurer notice."
vams-0196,train,template-12,VA,newsletter,urgent_newsletter,INFORMATIONAL,0,Example VA News <news@va.example.com>,Veteran <veteran@mailbox.example.com>,2026-01-21,Urgent: do not miss this month's benefits bulletin,"Urgent wording is intentional in this bulletin, and it still is only a newsletter. Nothing in it is a personal deadline on a claim, a debt, or a policy.

This edition collects three reminders about keeping copies of letters. It does not say that any letter of yours is missing.

No response is needed, even though the subject said urgent. Unsubscribing is optional and does not affect benefits. The example newsroom will send the next edition on the usual schedule.

This message is a synthetic example created for a sorting demonstration and is not an official VA, DFAS, or insurer notice."
vams-0197,train,template-12,VA,newsletter,urgent_newsletter,INFORMATIONAL,0,Example VA News <news@va.example.com>,Veteran <inbox@mailbox.example.com>,2026-01-22,Act now to read the example enrollment tips,"Act now is how this demo edition opens, because real bulletins sometimes sound that way. The pages that follow are general tips, not a task on your file.

The article compares community-care myths with the way referrals actually work in the example system. It mentions no individual claim and asks for no document.

For your information. No deadline applies to you because of this mailing. If a real decision later needs a reply, it will arrive as its own letter and will not look like this bulletin.

This message is a synthetic example created for a sorting demonstration and is not an official VA, DFAS, or insurer notice."
vams-0198,train,template-12,VA,newsletter,urgent_newsletter,INFORMATIONAL,0,Example VA News <news@va.example.com>,Household <household@mailbox.example.com>,2026-01-23,Act now to read the example enrollment tips,"Act now is how this demo edition opens, because real bulletins sometimes sound that way. The pages that follow are general tips, not a task on your file.

A short piece lists questions to ask at a routine visit. It is written for any reader. It does not confirm that you have a visit booked.

Newsletter only: no action required to protect a payment or a policy. You can ignore the urgent tone. The unsubscribe link is https://news.example.com/unsubscribe and it is not a login page.

This message is a synthetic example created for a sorting demonstration and is not an official VA, DFAS, or insurer notice."
vams-0199,train,template-12,VA,newsletter,urgent_newsletter,INFORMATIONAL,0,Example VA News <news@va.example.com>,Veteran <veteran@mailbox.example.com>,2026-01-24,Act now to read the example enrollment tips,"Act now is how this demo edition opens, because real bulletins sometimes sound that way. The pages that follow are general tips, not a task on your file.

The bulletin describes how a higher-level review differs from a supplemental claim in general terms. It is education, not an invitation tied to a decision in your name.

No response is needed, even though the subject said urgent. Unsubscribing is optional and does not affect benefits. The example newsroom will send the next edition on the usual schedule.

This message is a synthetic example created for a sorting demonstration and is not an official VA, DFAS, or insurer notice."
vams-0200,train,template-12,VA,newsletter,urgent_newsletter,INFORMATIONAL,0,Example VA News <news@va.example.com>,Veteran <inbox@mailbox.example.com>,2026-01-25,Act now to read the example enrollment tips,"Act now is how this demo edition opens, because real bulletins sometimes sound that way. The pages that follow are general tips, not a task on your file.

This edition collects three reminders about keeping copies of letters. It does not say that any letter of yours is missing.

No action is required. This is a newsletter. Unsubscribe at news.example.com/unsubscribe if you do not want the example bulletin. For your information only.

This message is a synthetic example created for a sorting demonstration and is not an official VA, DFAS, or insurer notice."
vams-0201,train,template-12,VA,newsletter,urgent_newsletter,INFORMATIONAL,0,Example VA News <news@va.example.com>,Household <household@mailbox.example.com>,2026-01-26,Time-sensitive newsletter: health coverage myths,"This urgent-looking note is the monthly example newsletter. It was sent to the whole demonstration list, not because a rater is waiting on you.

The article compares community-care myths with the way referrals actually work in the example system. It mentions no individual claim and asks for no document.

Newsletter only: no action required to protect a payment or a policy. You can ignore the urgent tone. The unsubscribe link is https://news.example.com/unsubscribe and it is not a login page.

This message is a synthetic example created for a sorting demonstration and is not an official VA, DFAS, or insurer notice."
vams-0202,train,template-12,VA,newsletter,urgent_newsletter,INFORMATIONAL,0,Example VA News <news@va.example.com>,Veteran <veteran@mailbox.example.com>,2026-01-27,Time-sensitive newsletter: health coverage myths,"This urgent-looking note is the monthly example newsletter. It was sent to the whole demonstration list, not because a rater is waiting on you.

A short piece lists questions to ask at a routine visit. It is written for any reader. It does not confirm that you have a visit booked.

No response is needed, even though the subject said urgent. Unsubscribing is optional and does not affect benefits. The example newsroom will send the next edition on the usual schedule.

This message is a synthetic example created for a sorting demonstration and is not an official VA, DFAS, or insurer notice."
vams-0203,train,template-12,VA,newsletter,urgent_newsletter,INFORMATIONAL,0,Example VA News <news@va.example.com>,Veteran <inbox@mailbox.example.com>,2026-01-28,Time-sensitive newsletter: health coverage myths,"This urgent-looking note is the monthly example newsletter. It was sent to the whole demonstration list, not because a rater is waiting on you.

The bulletin describes how a higher-level review differs from a supplemental claim in general terms. It is education, not an invitation tied to a decision in your name.

No action is required. This is a newsletter. Unsubscribe at news.example.com/unsubscribe if you do not want the example bulletin. For your information only.

This message is a synthetic example created for a sorting demonstration and is not an official VA, DFAS, or insurer notice."
vams-0204,train,template-12,VA,newsletter,urgent_newsletter,INFORMATIONAL,0,Example VA News <news@va.example.com>,Household <household@mailbox.example.com>,2026-01-29,Time-sensitive newsletter: health coverage myths,"This urgent-looking note is the monthly example newsletter. It was sent to the whole demonstration list, not because a rater is waiting on you.

This edition collects three reminders about keeping copies of letters. It does not say that any letter of yours is missing.

For your information. No deadline applies to you because of this mailing. If a real decision later needs a reply, it will arrive as its own letter and will not look like this bulletin.

This message is a synthetic example created for a sorting demonstration and is not an official VA, DFAS, or insurer notice."
vams-0205,train,template-12,VA,newsletter,urgent_newsletter,INFORMATIONAL,0,Example VA News <news@va.example.com>,Veteran <veteran@mailbox.example.com>,2026-01-30,"Urgent update from Example VA News, for readers only","Do not miss the enclosed explainer, the subject line says. The explainer is an article. It does not change your award, your premium, or your appointment book.

The article compares community-care myths with the way referrals actually work in the example system. It mentions no individual claim and asks for no document.

No response is needed, even though the subject said urgent. Unsubscribing is optional and does not affect benefits. The example newsroom will send the next edition on the usual schedule.

This message is a synthetic example created for a sorting demonstration and is not an official VA, DFAS, or insurer notice."
vams-0206,train,template-12,VA,newsletter,urgent_newsletter,INFORMATIONAL,0,Example VA News <news@va.example.com>,Veteran <inbox@mailbox.example.com>,2026-01-31,"Urgent update from Example VA News, for readers only","Do not miss the enclosed explainer, the subject line says. The explainer is an article. It does not change your award, your premium, or your appointment book.

A short piece lists questions to ask at a routine visit. It is written for any reader. It does not confirm that you have a visit booked.

No action is required. This is a newsletter. Unsubscribe at news.example.com/unsubscribe if you do not want the example bulletin. For your information only.

This message is a synthetic example created for a sorting demonstration and is not an official VA, DFAS, or insurer notice."
vams-0207,train,template-12,VA,newsletter,urgent_newsletter,INFORMATIONAL,0,Example VA News <news@va.example.com>,Household <household@mailbox.example.com>,2026-02-01,"Urgent update from Example VA News, for readers only","Do not miss the enclosed explainer, the subject line says. The explainer is an article. It does not change your award, your premium, or your appointment book.

The bulletin describes how a higher-level review differs from a supplemental claim in general terms. It is education, not an invitation tied to a decision in your name.

For your information. No deadline applies to you because of this mailing. If a real decision later needs a reply, it will arrive as its own letter and will not look like this bulletin.

This message is a synthetic example created for a sorting demonstration and is not an official VA, DFAS, or insurer notice."
vams-0208,train,template-12,VA,newsletter,urgent_newsletter,INFORMATIONAL,0,Example VA News <news@va.example.com>,Veteran <veteran@mailbox.example.com>,2026-02-02,"Urgent update from Example VA News, for readers only","Do not miss the enclosed explainer, the subject line says. The explainer is an article. It does not change your award, your premium, or your appointment book.

This edition collects three reminders about keeping copies of letters. It does not say that any letter of yours is missing.

Newsletter only: no action required to protect a payment or a policy. You can ignore the urgent tone. The unsubscribe link is https://news.example.com/unsubscribe and it is not a login page.

This message is a synthetic example created for a sorting demonstration and is not an official VA, DFAS, or insurer notice."
vams-0209,train,template-13,VA,newsletter,none,INFORMATIONAL,0,Example VA News <digest@va.example.com>,Veteran <veteran@mailbox.example.com>,2026-02-03,Example VA News monthly digest,"The calm edition of Example VA News is a digest of public-style stories. It is not tied to the fictional file's claims or payments.

The volunteer-driver profile describes a route between two example clinics. No recruitment form is attached. The garden note lists which vegetables the demo beds grew.

No action is required. Unsubscribe any time at https://digest.example.com/unsubscribe. For your information.

This message is a synthetic example created for a sorting demonstration and is not an official VA, DFAS, or insurer notice."
vams-0210,train,template-13,VA,newsletter,none,INFORMATIONAL,0,Example VA News <digest@va.example.com>,Veteran <inbox@mailbox.example.com>,2026-02-04,Example VA News monthly digest,"The calm edition of Example VA News is a digest of public-style stories. It is not tied to the fictional file's claims or payments.

A sidebar explains how to read a general benefits pamphlet. It does not say your pamphlet is out of date, and it does not name a form you must return.

File or delete the digest as you like. No action required. It will never be the vehicle for a debt notice or a decision deadline.

This message is a synthetic example created for a sorting demonstration and is not an official VA, DFAS, or insurer notice."
vams-0211,train,template-13,VA,newsletter,none,INFORMATIONAL,0,Example VA News <digest@va.example.com>,Household <household@mailbox.example.com>,2026-02-05,Example VA News monthly digest,"The calm edition of Example VA News is a digest of public-style stories. It is not tied to the fictional file's claims or payments.

The digest mentions that example town halls happen in the spring. No seat was reserved for you. Dates in the article are illustrative.

No response needed. You are on the example reader list only. Leaving the list is optional and is not reported to any rater.

This message is a synthetic example created for a sorting demonstration and is not an official VA, DFAS, or insurer notice."
vams-0212,train,template-13,VA,newsletter,none,INFORMATIONAL,0,Example VA News <digest@va.example.com>,Veteran <veteran@mailbox.example.com>,2026-02-06,Example VA News monthly digest,"The calm edition of Example VA News is a digest of public-style stories. It is not tied to the fictional file's claims or payments.

One article talks about organizing papers at home. It is generic advice. It does not claim that your address, your deposit, or your premium is wrong.

This newsletter does not need a response. Missing an edition has no effect on compensation or insurance. The next digest arrives next month.

This message is a synthetic example created for a sorting demonstration and is not an official VA, DFAS, or insurer notice."
vams-0213,train,template-13,VA,newsletter,none,INFORMATIONAL,0,Example VA News <digest@va.example.com>,Veteran <inbox@mailbox.example.com>,2026-02-07,This month's quiet digest from the example newsroom,"Readers on the example list receive this digest once a month. It has no personal balance and no appointment time.

The volunteer-driver profile describes a route between two example clinics. No recruitment form is attached. The garden note lists which vegetables the demo beds grew.

File or delete the digest as you like. No action required. It will never be the vehicle for a debt notice or a decision deadline.

This message is a synthetic example created for a sorting demonstration and is not an official VA, DFAS, or insurer notice."
vams-0214,train,template-13,VA,newsletter,none,INFORMATIONAL,0,Example VA News <digest@va.example.com>,Household <household@mailbox.example.com>,2026-02-08,This month's quiet digest from the example newsroom,"Readers on the example list receive this digest once a month. It has no personal balance and no appointment time.

A sidebar explains how to read a general benefits pamphlet. It does not say your pamphlet is out of date, and it does not name a form you must return.

No response needed. You are on the example reader list only. Leaving the list is optional and is not reported to any rater.

This message is a synthetic example created for a sorting demonstration and is not an official VA, DFAS, or insurer notice."
vams-0215,train,template-13,VA,newsletter,none,INFORMATIONAL,0,Example VA News <digest@va.example.com>,Veteran <veteran@mailbox.example.com>,2026-02-09,This month's quiet digest from the example newsroom,"Readers on the example list receive this digest once a month. It has no personal balance and no appointment time.

The digest mentions that example town halls happen in the spring. No seat was reserved for you. Dates in the article are illustrative.

This newsletter does not need a response. Missing an edition has no effect on compensation or insurance. The next digest arrives next month.

This message is a synthetic example created for a sorting demonstration and is not an official VA, DFAS, or insurer notice."
vams-0216,train,template-13,VA,newsletter,none,INFORMATIONAL,0,Example VA News <digest@va.example.com>,Veteran <inbox@mailbox.example.com>,2026-02-10,This month's quiet digest from the example newsroom,"Readers on the example list receive this digest once a month. It has no personal balance and no appointment time.

One article talks about organizing papers at home. It is generic advice. It does not claim that your address, your deposit, or your premium is wrong.

No action is required. Unsubscribe any time at https://digest.example.com/unsubscribe. For your information.

This message is a synthetic example created for a sorting demonstration and is not an official VA, DFAS, or insurer notice."
vams-0217,train,template-13,VA,newsletter,none,INFORMATIONAL,0,Example VA News <digest@va.example.com>,Household <household@mailbox.example.com>,2026-02-11,Stories from the demonstration benefits bulletin,"This edition leads with a profile of a fictional volunteer driver and a note about clinic gardens. Neither item asks for a reply.

The volunteer-driver profile describes a route between two example clinics. No recruitment form is attached. The garden note lists which vegetables the demo beds grew.

No response needed. You are on the example reader list only. Leaving the list is optional and is not reported to any rater.

This message is a synthetic example created for a sorting demonstration and is not an official VA, DFAS, or insurer notice."
vams-0218,train,template-13,VA,newsletter,none,INFORMATIONAL,0,Example VA News <digest@va.example.com>,Veteran <veteran@mailbox.example.com>,2026-02-12,Stories from the demonstration benefits bulletin,"This edition leads with a profile of a fictional volunteer driver and a note about clinic gardens. Neither item asks for a reply.

A sidebar explains how to read a general benefits pamphlet. It does not say your pamphlet is out of date, and it does not name a form you must return.

This newsletter does not need a response. Missing an edition has no effect on compensation or insurance. The next digest arrives next month.

This message is a synthetic example created for a sorting demonstration and is not an official VA, DFAS, or insurer notice."
vams-0219,train,template-13,VA,newsletter,none,INFORMATIONAL,0,Example VA News <digest@va.example.com>,Veteran <inbox@mailbox.example.com>,2026-02-13,Stories from the demonstration benefits bulletin,"This edition leads with a profile of a fictional volunteer driver and a note about clinic gardens. Neither item asks for a reply.

The digest mentions that example town halls happen in the spring. No seat was reserved for you. Dates in the article are illustrative.

No action is required. Unsubscribe any time at https://digest.example.com/unsubscribe. For your information.

This message is a synthetic example created for a sorting demonstration and is not an official VA, DFAS, or insurer notice."
vams-0220,train,template-13,VA,newsletter,none,INFORMATIONAL,0,Example VA News <digest@va.example.com>,Household <household@mailbox.example.com>,2026-02-14,Stories from the demonstration benefits bulletin,"This edition leads with a profile of a fictional volunteer driver and a note about clinic gardens. Neither item asks for a reply.

One article talks about organizing papers at home. It is generic advice. It does not claim that your address, your deposit, or your premium is wrong.

File or delete the digest as you like. No action required. It will never be the vehicle for a debt notice or a decision deadline.

This message is a synthetic example created for a sorting demonstration and is not an official VA, DFAS, or insurer notice."
vams-0221,train,template-13,VA,newsletter,none,INFORMATIONAL,0,Example VA News <digest@va.example.com>,Veteran <veteran@mailbox.example.com>,2026-02-15,"Monthly reader, no task inside","We collected three short reads for the demonstration newsletter. They are background, not instructions on an open claim.

The volunteer-driver profile describes a route between two example clinics. No recruitment form is attached. The garden note lists which vegetables the demo beds grew.

This newsletter does not need a response. Missing an edition has no effect on compensation or insurance. The next digest arrives next month.

This message is a synthetic example created for a sorting demonstration and is not an official VA, DFAS, or insurer notice."
vams-0222,train,template-13,VA,newsletter,none,INFORMATIONAL,0,Example VA News <digest@va.example.com>,Veteran <inbox@mailbox.example.com>,2026-02-16,"Monthly reader, no task inside","We collected three short reads for the demonstration newsletter. They are background, not instructions on an open claim.

A sidebar explains how to read a general benefits pamphlet. It does not say your pamphlet is out of date, and it does not name a form you must return.

No action is required. Unsubscribe any time at https://digest.example.com/unsubscribe. For your information.

This message is a synthetic example created for a sorting demonstration and is not an official VA, DFAS, or insurer notice."
vams-0223,train,template-13,VA,newsletter,none,INFORMATIONAL,0,Example VA News <digest@va.example.com>,Household <household@mailbox.example.com>,2026-02-17,"Monthly reader, no task inside","We collected three short reads for the demonstration newsletter. They are background, not instructions on an open claim.

The digest mentions that example town halls happen in the spring. No seat was reserved for you. Dates in the article are illustrative.

File or delete the digest as you like. No action required. It will never be the vehicle for a debt notice or a decision deadline.

This message is a synthetic example created for a sorting demonstration and is not an official VA, DFAS, or insurer notice."
vams-0224,train,template-13,VA,newsletter,none,INFORMATIONAL,0,Example VA News <digest@va.example.com>,Veteran <veteran@mailbox.example.com>,2026-02-18,"Monthly reader, no task inside","We collected three short reads for the demonstration newsletter. They are background, not instructions on an open claim.

One article talks about organizing papers at home. It is generic advice. It does not claim that your address, your deposit, or your premium is wrong.

No response needed. You are on the example reader list only. Leaving the list is optional and is not reported to any rater.

This message is a synthetic example created for a sorting demonstration and is not an official VA, DFAS, or insurer notice."
vams-0225,train,template-14,VA,survey,none,INFORMATIONAL,0,Example VA Surveys <surveys@va.example.com>,Veteran <veteran@mailbox.example.com>,2026-02-19,Optional survey about a recent example clinic visit,"Example VA Surveys invites feedback on a fictional visit. The invitation is optional and is not part of the medical record.

The optional survey has six questions about wait time and whether the clinician explained the plan. It does not ask for a government identifier or a password.

The survey is optional. No action is required. If you want to answer, the form is at https://surveys.example.com/visit and it closes for this wave on April 30, 2026 without affecting benefits.

This message is a synthetic example created for a sorting demonstration and is not an official VA, DFAS, or insurer notice."
vams-0226,train,template-14,VA,survey,none,INFORMATIONAL,0,Example VA Surveys <surveys@va.example.com>,Veteran <inbox@mailbox.example.com>,2026-02-20,Optional survey about a recent example clinic visit,"Example VA Surveys invites feedback on a fictional visit. The invitation is optional and is not part of the medical record.

Your feedback would cover the signs in the example lobby and the ease of finding the lab booth. Answers are not tied to payment.

You can ignore this invitation completely. No action required to stay in good standing with the example clinic, the regional office, or the insurer.

This message is a synthetic example created for a sorting demonstration and is not an official VA, DFAS, or insurer notice."
vams-0227,train,template-14,VA,survey,none,INFORMATIONAL,0,Example VA Surveys <surveys@va.example.com>,Household <household@mailbox.example.com>,2026-02-21,Optional survey about a recent example clinic visit,"Example VA Surveys invites feedback on a fictional visit. The invitation is optional and is not part of the medical record.

The questionnaire takes about four minutes. None of the items ask you to dispute a bill, confirm a debt, or verify an address.

For your information, feedback is welcome and silence is fine. This is not action required. The example survey desk does not send collections.

This message is a synthetic example created for a sorting demonstration and is not an official VA, DFAS, or insurer notice."
vams-0228,train,template-14,VA,survey,none,INFORMATIONAL,0,Example VA Surveys <surveys@va.example.com>,Veteran <veteran@mailbox.example.com>,2026-02-22,Optional survey about a recent example clinic visit,"Example VA Surveys invites feedback on a fictional visit. The invitation is optional and is not part of the medical record.

If you start the survey and stop, the partial answers are discarded in this demo. There is no penalty and no second deadline.

No response is needed. Choosing not to answer will not delay a claim, a deposit, or a prescription. The link, if you use it, is https://surveys.example.com/desk.

This message is a synthetic example created for a sorting demonstration and is not an official VA, DFAS, or insurer notice."
vams-0229,train,template-14,VA,survey,none,INFORMATIONAL,0,Example VA Surveys <surveys@va.example.com>,Veteran <inbox@mailbox.example.com>,2026-02-23,"Your feedback is invited, and it is optional","A questionnaire was opened because the demonstration schedule shows a completed visit. Skipping it has no consequence.

The optional survey has six questions about wait time and whether the clinician explained the plan. It does not ask for a government identifier or a password.

You can ignore this invitation completely. No action required to stay in good standing with the example clinic, the regional office, or the insurer.

This message is a synthetic example created for a sorting demonstration and is not an official VA, DFAS, or insurer notice."
vams-0230,train,template-14,VA,survey,none,INFORMATIONAL,0,Example VA Surveys <surveys@va.example.com>,Household <household@mailbox.example.com>,2026-02-24,"Your feedback is invited, and it is optional","A questionnaire was opened because the demonstration schedule shows a completed visit. Skipping it has no consequence.

Your feedback would cover the signs in the example lobby and the ease of finding the lab booth. Answers are not tied to payment.

For your information, feedback is welcome and silence is fine. This is not action required. The example survey desk does not send collections.

This message is a synthetic example created for a sorting demonstration and is not an official VA, DFAS, or insurer notice."
vams-0231,train,template-14,VA,survey,none,INFORMATIONAL,0,Example VA Surveys <surveys@va.example.com>,Veteran <veteran@mailbox.example.com>,2026-02-25,"Your feedback is invited, and it is optional","A questionnaire was opened because the demonstration schedule shows a completed visit. Skipping it has no consequence.

The questionnaire takes about four minutes. None of the items ask you to dispute a bill, confirm a debt, or verify an address.

No response is needed. Choosing not to answer will not delay a claim, a deposit, or a prescription. The link, if you use it, is https://surveys.example.com/desk.

This message is a synthetic example created for a sorting demonstration and is not an official VA, DFAS, or insurer notice."
vams-0232,train,template-14,VA,survey,none,INFORMATIONAL,0,Example VA Surveys <surveys@va.example.com>,Veteran <inbox@mailbox.example.com>,2026-02-26,"Your feedback is invited, and it is optional","A questionnaire was opened because the demonstration schedule shows a completed visit. Skipping it has no consequence.

If you start the survey and stop, the partial answers are discarded in this demo. There is no penalty and no second deadline.

The survey is optional. No action is required. If you want to answer, the form is at https://surveys.example.com/visit and it closes for this wave on April 30, 2026 without affecting benefits.

This message is a synthetic example created for a sorting demonstration and is not an official VA, DFAS, or insurer notice."
vams-0233,train,template-14,VA,survey,none,INFORMATIONAL,0,Example VA Surveys <surveys@va.example.com>,Household <household@mailbox.example.com>,2026-02-27,A short questionnaire on the demonstration visit,"We would like your feedback on the example clinic's front desk. The note is a survey request, not a follow-up order.

The optional survey has six questions about wait time and whether the clinician explained the plan. It does not ask for a government identifier or a password.

For your information, feedback is welcome and silence is fine. This is not action required. The example survey desk does not send collections.

This message is a synthetic example created for a sorting demonstration and is not an official VA, DFAS, or insurer notice."
vams-0234,train,template-14,VA,survey,none,INFORMATIONAL,0,Example VA Surveys <surveys@va.example.com>,Veteran <veteran@mailbox.example.com>,2026-02-28,A short questionnaire on the demonstration visit,"We would like your feedback on the example clinic's front desk. The note is a survey request, not a follow-up order.

Your feedback would cover the signs in the example lobby and the ease of finding the lab booth. Answers are not tied to payment.

No response is needed. Choosing not to answer will not delay a claim, a deposit, or a prescription. The link, if you use it, is https://surveys.example.com/desk.

This message is a synthetic example created for a sorting demonstration and is not an official VA, DFAS, or insurer notice."
vams-0235,train,template-14,VA,survey,none,INFORMATIONAL,0,Example VA Surveys <surveys@va.example.com>,Veteran <inbox@mailbox.example.com>,2026-03-01,A short questionnaire on the demonstration visit,"We would like your feedback on the example clinic's front desk. The note is a survey request, not a follow-up order.

The questionnaire takes about four minutes. None of the items ask you to dispute a bill, confirm a debt, or verify an address.

The survey is optional. No action is required. If you want to answer, the form is at https://surveys.example.com/visit and it closes for this wave on April 30, 2026 without affecting benefits.

This message is a synthetic example created for a sorting demonstration and is not an official VA, DFAS, or insurer notice."
vams-0236,train,template-14,VA,survey,none,INFORMATIONAL,0,Example VA Surveys <surveys@va.example.com>,Household <household@mailbox.example.com>,2026-03-02,A short questionnaire on the demonstration visit,"We would like your feedback on the example clinic's front desk. The note is a survey request, not a follow-up order.

If you start the survey and stop, the partial answers are discarded in this demo. There is no penalty and no second deadline.

You can ignore this invitation completely. No action required to stay in good standing with the example clinic, the regional office, or the insurer.

This message is a synthetic example created for a sorting demonstration and is not an official VA, DFAS, or insurer notice."
vams-0237,train,template-14,VA,survey,none,INFORMATIONAL,0,Example VA Surveys <surveys@va.example.com>,Veteran <veteran@mailbox.example.com>,2026-03-03,"Tell us about the example waiting room, if you want","This message asks whether you will answer a few questions. It does not schedule care and it does not decide a claim.

The optional survey has six questions about wait time and whether the clinician explained the plan. It does not ask for a government identifier or a password.

No response is needed. Choosing not to answer will not delay a claim, a deposit, or a prescription. The link, if you use it, is https://surveys.example.com/desk.

This message is a synthetic example created for a sorting demonstration and is not an official VA, DFAS, or insurer notice."
vams-0238,train,template-14,VA,survey,none,INFORMATIONAL,0,Example VA Surveys <surveys@va.example.com>,Veteran <inbox@mailbox.example.com>,2026-03-04,"Tell us about the example waiting room, if you want","This message asks whether you will answer a few questions. It does not schedule care and it does not decide a claim.

Your feedback would cover the signs in the example lobby and the ease of finding the lab booth. Answers are not tied to payment.

The survey is optional. No action is required. If you want to answer, the form is at https://surveys.example.com/visit and it closes for this wave on April 30, 2026 without affecting benefits.

This message is a synthetic example created for a sorting demonstration and is not an official VA, DFAS, or insurer notice."
vams-0239,train,template-14,VA,survey,none,INFORMATIONAL,0,Example VA Surveys <surveys@va.example.com>,Household <household@mailbox.example.com>,2026-03-05,"Tell us about the example waiting room, if you want","This message asks whether you will answer a few questions. It does not schedule care and it does not decide a claim.

The questionnaire takes about four minutes. None of the items ask you to dispute a bill, confirm a debt, or verify an address.

You can ignore this invitation completely. No action required to stay in good standing with the example clinic, the regional office, or the insurer.

This message is a synthetic example created for a sorting demonstration and is not an official VA, DFAS, or insurer notice."
vams-0240,train,template-14,VA,survey,none,INFORMATIONAL,0,Example VA Surveys <surveys@va.example.com>,Veteran <veteran@mailbox.example.com>,2026-03-06,"Tell us about the example waiting room, if you want","This message asks whether you will answer a few questions. It does not schedule care and it does not decide a claim.

If you start the survey and stop, the partial answers are discarded in this demo. There is no penalty and no second deadline.

For your information, feedback is welcome and silence is fine. This is not action required. The example survey desk does not send collections.

This message is a synthetic example created for a sorting demonstration and is not an official VA, DFAS, or insurer notice."
